; 1pctCO2 from hector
; hectordata 0.0.0.9000
; date Wed Feb  1 18:28:29 2023
; UNITS:, ppmv CO2, ppbv CH4, ppbv N2O, pptv, pptv, pptv, W/m2, W/m2, W/m2, Pg C/yr, Pg C/yr, Pg C/yr, Pg C/yr, Tg, Gg, Gg, Gg, Gg, Gg, Gg, Gg, Gg, Gg, Gg, Gg, Tg CH4, Tg CO, Gg, Gg, Gg, Gg, Gg, Gg, Gg, Gg, Gg, Gg, Gg, Tg N, Tg, Tg NMVOC, Tg N, Tg, Gg, Gg S, Gg, Gg, Gg
Date,BC_emissions,C2F6_emissions,CCl4_emissions,CF4_constrain,CF4_emissions,CFC113_emissions,CFC114_emissions,CFC115_emissions,CFC11_emissions,CFC12_emissions,CH3Br_constrain,CH3Br_emissions,CH3CCl3_emissions,CH3Cl_constrain,CH3Cl_emissions,CH4_constrain,CH4_emissions,CO2_constrain,CO_emissions,HCFC141b_emissions,HCFC142b_emissions,HCFC22_emissions,HFC125_emissions,HFC134a_emissions,HFC143a_emissions,HFC227ea_emissions,HFC23_emissions,HFC245fa_emissions,HFC32_emissions,HFC4310_emissions,N2O_constrain,N2O_emissions,NH3_emissions,NMVOC_emissions,NOX_emissions,OC_emissions,RF_albedo,RF_misc,SF6_emissions,SO2_emissions,SV,daccs_uptake,ffi_emissions,halon1211_emissions,halon1301_emissions,halon2402_emissions,luc_emissions,luc_uptake
1745,0,0,0,35,0,0,0,0,0,0,5.8,0,0,504,0,731.41,0,277.15,0,0,0,0,0,0,0,0,0,0,0,0,273.87,0,0,0,0,0,0,0,0,0,0,0,0,0,0,0,0,0
1746,0,0,0,35,0,0,0,0,0,0,5.8,0,0,504,0,731.41,0,277.15,0,0,0,0,0,0,0,0,0,0,0,0,273.87,0,0,0,0,0,0,0,0,0,0,0,0,0,0,0,0,0
1747,0,0,0,35,0,0,0,0,0,0,5.8,0,0,504,0,731.41,0,277.15,0,0,0,0,0,0,0,0,0,0,0,0,273.87,0,0,0,0,0,0,0,0,0,0,0,0,0,0,0,0,0
1748,0,0,0,35,0,0,0,0,0,0,5.8,0,0,504,0,731.41,0,277.15,0,0,0,0,0,0,0,0,0,0,0,0,273.87,0,0,0,0,0,0,0,0,0,0,0,0,0,0,0,0,0
1749,0,0,0,35,0,0,0,0,0,0,5.8,0,0,504,0,731.41,0,277.15,0,0,0,0,0,0,0,0,0,0,0,0,273.87,0,0,0,0,0,0,0,0,0,0,0,0,0,0,0,0,0
1750,0,0,0,35,0,0,0,0,0,0,5.8,0,0,504,0,731.41,0,277.15,0,0,0,0,0,0,0,0,0,0,0,0,273.87,0,0,0,0,0,0,0,0,0,0,0,0,0,0,0,0,0
1751,0,0,0,35,0,0,0,0,0,0,5.8,0,0,504,0,731.41,0,277.15,0,0,0,0,0,0,0,0,0,0,0,0,273.87,0,0,0,0,0,0,0,0,0,0,0,0,0,0,0,0,0
1752,0,0,0,35,0,0,0,0,0,0,5.8,0,0,504,0,731.41,0,277.15,0,0,0,0,0,0,0,0,0,0,0,0,273.87,0,0,0,0,0,0,0,0,0,0,0,0,0,0,0,0,0
1753,0,0,0,35,0,0,0,0,0,0,5.8,0,0,504,0,731.41,0,277.15,0,0,0,0,0,0,0,0,0,0,0,0,273.87,0,0,0,0,0,0,0,0,0,0,0,0,0,0,0,0,0
1754,0,0,0,35,0,0,0,0,0,0,5.8,0,0,504,0,731.41,0,277.15,0,0,0,0,0,0,0,0,0,0,0,0,273.87,0,0,0,0,0,0,0,0,0,0,0,0,0,0,0,0,0
1755,0,0,0,35,0,0,0,0,0,0,5.8,0,0,504,0,731.41,0,277.15,0,0,0,0,0,0,0,0,0,0,0,0,273.87,0,0,0,0,0,0,0,0,0,0,0,0,0,0,0,0,0
1756,0,0,0,35,0,0,0,0,0,0,5.8,0,0,504,0,731.41,0,277.15,0,0,0,0,0,0,0,0,0,0,0,0,273.87,0,0,0,0,0,0,0,0,0,0,0,0,0,0,0,0,0
1757,0,0,0,35,0,0,0,0,0,0,5.8,0,0,504,0,731.41,0,277.15,0,0,0,0,0,0,0,0,0,0,0,0,273.87,0,0,0,0,0,0,0,0,0,0,0,0,0,0,0,0,0
1758,0,0,0,35,0,0,0,0,0,0,5.8,0,0,504,0,731.41,0,277.15,0,0,0,0,0,0,0,0,0,0,0,0,273.87,0,0,0,0,0,0,0,0,0,0,0,0,0,0,0,0,0
1759,0,0,0,35,0,0,0,0,0,0,5.8,0,0,504,0,731.41,0,277.15,0,0,0,0,0,0,0,0,0,0,0,0,273.87,0,0,0,0,0,0,0,0,0,0,0,0,0,0,0,0,0
1760,0,0,0,35,0,0,0,0,0,0,5.8,0,0,504,0,731.41,0,277.15,0,0,0,0,0,0,0,0,0,0,0,0,273.87,0,0,0,0,0,0,0,0,0,0,0,0,0,0,0,0,0
1761,0,0,0,35,0,0,0,0,0,0,5.8,0,0,504,0,731.41,0,279.9215,0,0,0,0,0,0,0,0,0,0,0,0,273.87,0,0,0,0,0,0,0,0,0,0,0,0,0,0,0,0,0
1762,0,0,0,35,0,0,0,0,0,0,5.8,0,0,504,0,731.41,0,282.720715,0,0,0,0,0,0,0,0,0,0,0,0,273.87,0,0,0,0,0,0,0,0,0,0,0,0,0,0,0,0,0
1763,0,0,0,35,0,0,0,0,0,0,5.8,0,0,504,0,731.41,0,285.54792215000003,0,0,0,0,0,0,0,0,0,0,0,0,273.87,0,0,0,0,0,0,0,0,0,0,0,0,0,0,0,0,0
1764,0,0,0,35,0,0,0,0,0,0,5.8,0,0,504,0,731.41,0,288.40340137149997,0,0,0,0,0,0,0,0,0,0,0,0,273.87,0,0,0,0,0,0,0,0,0,0,0,0,0,0,0,0,0
1765,0,0,0,35,0,0,0,0,0,0,5.8,0,0,504,0,731.41,0,291.287435385215,0,0,0,0,0,0,0,0,0,0,0,0,273.87,0,0,0,0,0,0,0,0,0,0,0,0,0,0,0,0,0
1766,0,0,0,35,0,0,0,0,0,0,5.8,0,0,504,0,731.41,0,294.20030973906717,0,0,0,0,0,0,0,0,0,0,0,0,273.87,0,0,0,0,0,0,0,0,0,0,0,0,0,0,0,0,0
1767,0,0,0,35,0,0,0,0,0,0,5.8,0,0,504,0,731.41,0,297.1423128364578,0,0,0,0,0,0,0,0,0,0,0,0,273.87,0,0,0,0,0,0,0,0,0,0,0,0,0,0,0,0,0
1768,0,0,0,35,0,0,0,0,0,0,5.8,0,0,504,0,731.41,0,300.1137359648224,0,0,0,0,0,0,0,0,0,0,0,0,273.87,0,0,0,0,0,0,0,0,0,0,0,0,0,0,0,0,0
1769,0,0,0,35,0,0,0,0,0,0,5.8,0,0,504,0,731.41,0,303.1148733244706,0,0,0,0,0,0,0,0,0,0,0,0,273.87,0,0,0,0,0,0,0,0,0,0,0,0,0,0,0,0,0
1770,0,0,0,35,0,0,0,0,0,0,5.8,0,0,504,0,731.41,0,306.1460220577153,0,0,0,0,0,0,0,0,0,0,0,0,273.87,0,0,0,0,0,0,0,0,0,0,0,0,0,0,0,0,0
1771,0,0,0,35,0,0,0,0,0,0,5.8,0,0,504,0,731.41,0,309.20748227829245,0,0,0,0,0,0,0,0,0,0,0,0,273.87,0,0,0,0,0,0,0,0,0,0,0,0,0,0,0,0,0
1772,0,0,0,35,0,0,0,0,0,0,5.8,0,0,504,0,731.41,0,312.2995571010754,0,0,0,0,0,0,0,0,0,0,0,0,273.87,0,0,0,0,0,0,0,0,0,0,0,0,0,0,0,0,0
1773,0,0,0,35,0,0,0,0,0,0,5.8,0,0,504,0,731.41,0,315.42255267208617,0,0,0,0,0,0,0,0,0,0,0,0,273.87,0,0,0,0,0,0,0,0,0,0,0,0,0,0,0,0,0
1774,0,0,0,35,0,0,0,0,0,0,5.8,0,0,504,0,731.41,0,318.57677819880706,0,0,0,0,0,0,0,0,0,0,0,0,273.87,0,0,0,0,0,0,0,0,0,0,0,0,0,0,0,0,0
1775,0,0,0,35,0,0,0,0,0,0,5.8,0,0,504,0,731.41,0,321.7625459807951,0,0,0,0,0,0,0,0,0,0,0,0,273.87,0,0,0,0,0,0,0,0,0,0,0,0,0,0,0,0,0
1776,0,0,0,35,0,0,0,0,0,0,5.8,0,0,504,0,731.41,0,324.9801714406031,0,0,0,0,0,0,0,0,0,0,0,0,273.87,0,0,0,0,0,0,0,0,0,0,0,0,0,0,0,0,0
1777,0,0,0,35,0,0,0,0,0,0,5.8,0,0,504,0,731.41,0,328.2299731550091,0,0,0,0,0,0,0,0,0,0,0,0,273.87,0,0,0,0,0,0,0,0,0,0,0,0,0,0,0,0,0
1778,0,0,0,35,0,0,0,0,0,0,5.8,0,0,504,0,731.41,0,331.5122728865592,0,0,0,0,0,0,0,0,0,0,0,0,273.87,0,0,0,0,0,0,0,0,0,0,0,0,0,0,0,0,0
1779,0,0,0,35,0,0,0,0,0,0,5.8,0,0,504,0,731.41,0,334.82739561542473,0,0,0,0,0,0,0,0,0,0,0,0,273.87,0,0,0,0,0,0,0,0,0,0,0,0,0,0,0,0,0
1780,0,0,0,35,0,0,0,0,0,0,5.8,0,0,504,0,731.41,0,338.175669571579,0,0,0,0,0,0,0,0,0,0,0,0,273.87,0,0,0,0,0,0,0,0,0,0,0,0,0,0,0,0,0
1781,0,0,0,35,0,0,0,0,0,0,5.8,0,0,504,0,731.41,0,341.55742626729483,0,0,0,0,0,0,0,0,0,0,0,0,273.87,0,0,0,0,0,0,0,0,0,0,0,0,0,0,0,0,0
1782,0,0,0,35,0,0,0,0,0,0,5.8,0,0,504,0,731.41,0,344.97300052996775,0,0,0,0,0,0,0,0,0,0,0,0,273.87,0,0,0,0,0,0,0,0,0,0,0,0,0,0,0,0,0
1783,0,0,0,35,0,0,0,0,0,0,5.8,0,0,504,0,731.41,0,348.4227305352674,0,0,0,0,0,0,0,0,0,0,0,0,273.87,0,0,0,0,0,0,0,0,0,0,0,0,0,0,0,0,0
1784,0,0,0,35,0,0,0,0,0,0,5.8,0,0,504,0,731.41,0,351.9069578406201,0,0,0,0,0,0,0,0,0,0,0,0,273.87,0,0,0,0,0,0,0,0,0,0,0,0,0,0,0,0,0
1785,0,0,0,35,0,0,0,0,0,0,5.8,0,0,504,0,731.41,0,355.4260274190263,0,0,0,0,0,0,0,0,0,0,0,0,273.87,0,0,0,0,0,0,0,0,0,0,0,0,0,0,0,0,0
1786,0,0,0,35,0,0,0,0,0,0,5.8,0,0,504,0,731.41,0,358.9802876932166,0,0,0,0,0,0,0,0,0,0,0,0,273.87,0,0,0,0,0,0,0,0,0,0,0,0,0,0,0,0,0
1787,0,0,0,35,0,0,0,0,0,0,5.8,0,0,504,0,731.41,0,362.5700905701488,0,0,0,0,0,0,0,0,0,0,0,0,273.87,0,0,0,0,0,0,0,0,0,0,0,0,0,0,0,0,0
1788,0,0,0,35,0,0,0,0,0,0,5.8,0,0,504,0,731.41,0,366.1957914758503,0,0,0,0,0,0,0,0,0,0,0,0,273.87,0,0,0,0,0,0,0,0,0,0,0,0,0,0,0,0,0
1789,0,0,0,35,0,0,0,0,0,0,5.8,0,0,504,0,731.41,0,369.8577493906088,0,0,0,0,0,0,0,0,0,0,0,0,273.87,0,0,0,0,0,0,0,0,0,0,0,0,0,0,0,0,0
1790,0,0,0,35,0,0,0,0,0,0,5.8,0,0,504,0,731.41,0,373.5563268845149,0,0,0,0,0,0,0,0,0,0,0,0,273.87,0,0,0,0,0,0,0,0,0,0,0,0,0,0,0,0,0
1791,0,0,0,35,0,0,0,0,0,0,5.8,0,0,504,0,731.41,0,377.29189015336004,0,0,0,0,0,0,0,0,0,0,0,0,273.87,0,0,0,0,0,0,0,0,0,0,0,0,0,0,0,0,0
1792,0,0,0,35,0,0,0,0,0,0,5.8,0,0,504,0,731.41,0,381.0648090548936,0,0,0,0,0,0,0,0,0,0,0,0,273.87,0,0,0,0,0,0,0,0,0,0,0,0,0,0,0,0,0
1793,0,0,0,35,0,0,0,0,0,0,5.8,0,0,504,0,731.41,0,384.87545714544257,0,0,0,0,0,0,0,0,0,0,0,0,273.87,0,0,0,0,0,0,0,0,0,0,0,0,0,0,0,0,0
1794,0,0,0,35,0,0,0,0,0,0,5.8,0,0,504,0,731.41,0,388.724211716897,0,0,0,0,0,0,0,0,0,0,0,0,273.87,0,0,0,0,0,0,0,0,0,0,0,0,0,0,0,0,0
1795,0,0,0,35,0,0,0,0,0,0,5.8,0,0,504,0,731.41,0,392.61145383406597,0,0,0,0,0,0,0,0,0,0,0,0,273.87,0,0,0,0,0,0,0,0,0,0,0,0,0,0,0,0,0
1796,0,0,0,35,0,0,0,0,0,0,5.8,0,0,504,0,731.41,0,396.53756837240667,0,0,0,0,0,0,0,0,0,0,0,0,273.87,0,0,0,0,0,0,0,0,0,0,0,0,0,0,0,0,0
1797,0,0,0,35,0,0,0,0,0,0,5.8,0,0,504,0,731.41,0,400.50294405613073,0,0,0,0,0,0,0,0,0,0,0,0,273.87,0,0,0,0,0,0,0,0,0,0,0,0,0,0,0,0,0
1798,0,0,0,35,0,0,0,0,0,0,5.8,0,0,504,0,731.41,0,404.507973496692,0,0,0,0,0,0,0,0,0,0,0,0,273.87,0,0,0,0,0,0,0,0,0,0,0,0,0,0,0,0,0
1799,0,0,0,35,0,0,0,0,0,0,5.8,0,0,504,0,731.41,0,408.5530532316589,0,0,0,0,0,0,0,0,0,0,0,0,273.87,0,0,0,0,0,0,0,0,0,0,0,0,0,0,0,0,0
1800,0,0,0,35,0,0,0,0,0,0,5.8,0,0,504,0,731.41,0,412.63858376397553,0,0,0,0,0,0,0,0,0,0,0,0,273.87,0,0,0,0,0,0,0,0,0,0,0,0,0,0,0,0,0
1801,0,0,0,35,0,0,0,0,0,0,5.8,0,0,504,0,731.41,0,416.7649696016153,0,0,0,0,0,0,0,0,0,0,0,0,273.87,0,0,0,0,0,0,0,0,0,0,0,0,0,0,0,0,0
1802,0,0,0,35,0,0,0,0,0,0,5.8,0,0,504,0,731.41,0,420.93261929763145,0,0,0,0,0,0,0,0,0,0,0,0,273.87,0,0,0,0,0,0,0,0,0,0,0,0,0,0,0,0,0
1803,0,0,0,35,0,0,0,0,0,0,5.8,0,0,504,0,731.41,0,425.1419454906078,0,0,0,0,0,0,0,0,0,0,0,0,273.87,0,0,0,0,0,0,0,0,0,0,0,0,0,0,0,0,0
1804,0,0,0,35,0,0,0,0,0,0,5.8,0,0,504,0,731.41,0,429.39336494551384,0,0,0,0,0,0,0,0,0,0,0,0,273.87,0,0,0,0,0,0,0,0,0,0,0,0,0,0,0,0,0
1805,0,0,0,35,0,0,0,0,0,0,5.8,0,0,504,0,731.41,0,433.687298594969,0,0,0,0,0,0,0,0,0,0,0,0,273.87,0,0,0,0,0,0,0,0,0,0,0,0,0,0,0,0,0
1806,0,0,0,35,0,0,0,0,0,0,5.8,0,0,504,0,731.41,0,438.0241715809187,0,0,0,0,0,0,0,0,0,0,0,0,273.87,0,0,0,0,0,0,0,0,0,0,0,0,0,0,0,0,0
1807,0,0,0,35,0,0,0,0,0,0,5.8,0,0,504,0,731.41,0,442.40441329672785,0,0,0,0,0,0,0,0,0,0,0,0,273.87,0,0,0,0,0,0,0,0,0,0,0,0,0,0,0,0,0
1808,0,0,0,35,0,0,0,0,0,0,5.8,0,0,504,0,731.41,0,446.82845742969516,0,0,0,0,0,0,0,0,0,0,0,0,273.87,0,0,0,0,0,0,0,0,0,0,0,0,0,0,0,0,0
1809,0,0,0,35,0,0,0,0,0,0,5.8,0,0,504,0,731.41,0,451.29674200399205,0,0,0,0,0,0,0,0,0,0,0,0,273.87,0,0,0,0,0,0,0,0,0,0,0,0,0,0,0,0,0
1810,0,0,0,35,0,0,0,0,0,0,5.8,0,0,504,0,731.41,0,455.80970942403206,0,0,0,0,0,0,0,0,0,0,0,0,273.87,0,0,0,0,0,0,0,0,0,0,0,0,0,0,0,0,0
1811,0,0,0,35,0,0,0,0,0,0,5.8,0,0,504,0,731.41,0,460.3678065182724,0,0,0,0,0,0,0,0,0,0,0,0,273.87,0,0,0,0,0,0,0,0,0,0,0,0,0,0,0,0,0
1812,0,0,0,35,0,0,0,0,0,0,5.8,0,0,504,0,731.41,0,464.9714845834551,0,0,0,0,0,0,0,0,0,0,0,0,273.87,0,0,0,0,0,0,0,0,0,0,0,0,0,0,0,0,0
1813,0,0,0,35,0,0,0,0,0,0,5.8,0,0,504,0,731.41,0,469.6211994292896,0,0,0,0,0,0,0,0,0,0,0,0,273.87,0,0,0,0,0,0,0,0,0,0,0,0,0,0,0,0,0
1814,0,0,0,35,0,0,0,0,0,0,5.8,0,0,504,0,731.41,0,474.31741142358254,0,0,0,0,0,0,0,0,0,0,0,0,273.87,0,0,0,0,0,0,0,0,0,0,0,0,0,0,0,0,0
1815,0,0,0,35,0,0,0,0,0,0,5.8,0,0,504,0,731.41,0,479.0605855378184,0,0,0,0,0,0,0,0,0,0,0,0,273.87,0,0,0,0,0,0,0,0,0,0,0,0,0,0,0,0,0
1816,0,0,0,35,0,0,0,0,0,0,5.8,0,0,504,0,731.41,0,483.85119139319653,0,0,0,0,0,0,0,0,0,0,0,0,273.87,0,0,0,0,0,0,0,0,0,0,0,0,0,0,0,0,0
1817,0,0,0,35,0,0,0,0,0,0,5.8,0,0,504,0,731.41,0,488.6897033071285,0,0,0,0,0,0,0,0,0,0,0,0,273.87,0,0,0,0,0,0,0,0,0,0,0,0,0,0,0,0,0
1818,0,0,0,35,0,0,0,0,0,0,5.8,0,0,504,0,731.41,0,493.57660034019983,0,0,0,0,0,0,0,0,0,0,0,0,273.87,0,0,0,0,0,0,0,0,0,0,0,0,0,0,0,0,0
1819,0,0,0,35,0,0,0,0,0,0,5.8,0,0,504,0,731.41,0,498.5123663436018,0,0,0,0,0,0,0,0,0,0,0,0,273.87,0,0,0,0,0,0,0,0,0,0,0,0,0,0,0,0,0
1820,0,0,0,35,0,0,0,0,0,0,5.8,0,0,504,0,731.41,0,503.49749000703787,0,0,0,0,0,0,0,0,0,0,0,0,273.87,0,0,0,0,0,0,0,0,0,0,0,0,0,0,0,0,0
1821,0,0,0,35,0,0,0,0,0,0,5.8,0,0,504,0,731.41,0,508.5324649071082,0,0,0,0,0,0,0,0,0,0,0,0,273.87,0,0,0,0,0,0,0,0,0,0,0,0,0,0,0,0,0
1822,0,0,0,35,0,0,0,0,0,0,5.8,0,0,504,0,731.41,0,513.6177895561793,0,0,0,0,0,0,0,0,0,0,0,0,273.87,0,0,0,0,0,0,0,0,0,0,0,0,0,0,0,0,0
1823,0,0,0,35,0,0,0,0,0,0,5.8,0,0,504,0,731.41,0,518.7539674517411,0,0,0,0,0,0,0,0,0,0,0,0,273.87,0,0,0,0,0,0,0,0,0,0,0,0,0,0,0,0,0
1824,0,0,0,35,0,0,0,0,0,0,5.8,0,0,504,0,731.41,0,523.9415071262586,0,0,0,0,0,0,0,0,0,0,0,0,273.87,0,0,0,0,0,0,0,0,0,0,0,0,0,0,0,0,0
1825,0,0,0,35,0,0,0,0,0,0,5.8,0,0,504,0,731.41,0,529.1809221975211,0,0,0,0,0,0,0,0,0,0,0,0,273.87,0,0,0,0,0,0,0,0,0,0,0,0,0,0,0,0,0
1826,0,0,0,35,0,0,0,0,0,0,5.8,0,0,504,0,731.41,0,534.4727314194963,0,0,0,0,0,0,0,0,0,0,0,0,273.87,0,0,0,0,0,0,0,0,0,0,0,0,0,0,0,0,0
1827,0,0,0,35,0,0,0,0,0,0,5.8,0,0,504,0,731.41,0,539.8174587336913,0,0,0,0,0,0,0,0,0,0,0,0,273.87,0,0,0,0,0,0,0,0,0,0,0,0,0,0,0,0,0
1828,0,0,0,35,0,0,0,0,0,0,5.8,0,0,504,0,731.41,0,545.2156333210282,0,0,0,0,0,0,0,0,0,0,0,0,273.87,0,0,0,0,0,0,0,0,0,0,0,0,0,0,0,0,0
1829,0,0,0,35,0,0,0,0,0,0,5.8,0,0,504,0,731.41,0,550.6677896542385,0,0,0,0,0,0,0,0,0,0,0,0,273.87,0,0,0,0,0,0,0,0,0,0,0,0,0,0,0,0,0
1830,0,0,0,35,0,0,0,0,0,0,5.8,0,0,504,0,731.41,0,556.174467550781,0,0,0,0,0,0,0,0,0,0,0,0,273.87,0,0,0,0,0,0,0,0,0,0,0,0,0,0,0,0,0
1831,0,0,0,35,0,0,0,0,0,0,5.8,0,0,504,0,731.41,0,561.7362122262888,0,0,0,0,0,0,0,0,0,0,0,0,273.87,0,0,0,0,0,0,0,0,0,0,0,0,0,0,0,0,0
1832,0,0,0,35,0,0,0,0,0,0,5.8,0,0,504,0,731.41,0,567.3535743485515,0,0,0,0,0,0,0,0,0,0,0,0,273.87,0,0,0,0,0,0,0,0,0,0,0,0,0,0,0,0,0
1833,0,0,0,35,0,0,0,0,0,0,5.8,0,0,504,0,731.41,0,573.0271100920371,0,0,0,0,0,0,0,0,0,0,0,0,273.87,0,0,0,0,0,0,0,0,0,0,0,0,0,0,0,0,0
1834,0,0,0,35,0,0,0,0,0,0,5.8,0,0,504,0,731.41,0,578.7573811929575,0,0,0,0,0,0,0,0,0,0,0,0,273.87,0,0,0,0,0,0,0,0,0,0,0,0,0,0,0,0,0
1835,0,0,0,35,0,0,0,0,0,0,5.8,0,0,504,0,731.41,0,584.5449550048871,0,0,0,0,0,0,0,0,0,0,0,0,273.87,0,0,0,0,0,0,0,0,0,0,0,0,0,0,0,0,0
1836,0,0,0,35,0,0,0,0,0,0,5.8,0,0,504,0,731.41,0,590.390404554936,0,0,0,0,0,0,0,0,0,0,0,0,273.87,0,0,0,0,0,0,0,0,0,0,0,0,0,0,0,0,0
1837,0,0,0,35,0,0,0,0,0,0,5.8,0,0,504,0,731.41,0,596.2943086004854,0,0,0,0,0,0,0,0,0,0,0,0,273.87,0,0,0,0,0,0,0,0,0,0,0,0,0,0,0,0,0
1838,0,0,0,35,0,0,0,0,0,0,5.8,0,0,504,0,731.41,0,602.2572516864902,0,0,0,0,0,0,0,0,0,0,0,0,273.87,0,0,0,0,0,0,0,0,0,0,0,0,0,0,0,0,0
1839,0,0,0,35,0,0,0,0,0,0,5.8,0,0,504,0,731.41,0,608.279824203355,0,0,0,0,0,0,0,0,0,0,0,0,273.87,0,0,0,0,0,0,0,0,0,0,0,0,0,0,0,0,0
1840,0,0,0,35,0,0,0,0,0,0,5.8,0,0,504,0,731.41,0,614.3626224453886,0,0,0,0,0,0,0,0,0,0,0,0,273.87,0,0,0,0,0,0,0,0,0,0,0,0,0,0,0,0,0
1841,0,0,0,35,0,0,0,0,0,0,5.8,0,0,504,0,731.41,0,620.5062486698425,0,0,0,0,0,0,0,0,0,0,0,0,273.87,0,0,0,0,0,0,0,0,0,0,0,0,0,0,0,0,0
1842,0,0,0,35,0,0,0,0,0,0,5.8,0,0,504,0,731.41,0,626.711311156541,0,0,0,0,0,0,0,0,0,0,0,0,273.87,0,0,0,0,0,0,0,0,0,0,0,0,0,0,0,0,0
1843,0,0,0,35,0,0,0,0,0,0,5.8,0,0,504,0,731.41,0,632.9784242681063,0,0,0,0,0,0,0,0,0,0,0,0,273.87,0,0,0,0,0,0,0,0,0,0,0,0,0,0,0,0,0
1844,0,0,0,35,0,0,0,0,0,0,5.8,0,0,504,0,731.41,0,639.3082085107875,0,0,0,0,0,0,0,0,0,0,0,0,273.87,0,0,0,0,0,0,0,0,0,0,0,0,0,0,0,0,0
1845,0,0,0,35,0,0,0,0,0,0,5.8,0,0,504,0,731.41,0,645.7012905958953,0,0,0,0,0,0,0,0,0,0,0,0,273.87,0,0,0,0,0,0,0,0,0,0,0,0,0,0,0,0,0
1846,0,0,0,35,0,0,0,0,0,0,5.8,0,0,504,0,731.41,0,652.1583035018543,0,0,0,0,0,0,0,0,0,0,0,0,273.87,0,0,0,0,0,0,0,0,0,0,0,0,0,0,0,0,0
1847,0,0,0,35,0,0,0,0,0,0,5.8,0,0,504,0,731.41,0,658.6798865368729,0,0,0,0,0,0,0,0,0,0,0,0,273.87,0,0,0,0,0,0,0,0,0,0,0,0,0,0,0,0,0
1848,0,0,0,35,0,0,0,0,0,0,5.8,0,0,504,0,731.41,0,665.2666854022415,0,0,0,0,0,0,0,0,0,0,0,0,273.87,0,0,0,0,0,0,0,0,0,0,0,0,0,0,0,0,0
1849,0,0,0,35,0,0,0,0,0,0,5.8,0,0,504,0,731.41,0,671.919352256264,0,0,0,0,0,0,0,0,0,0,0,0,273.87,0,0,0,0,0,0,0,0,0,0,0,0,0,0,0,0,0
1850,0,0,0,35,0,0,0,0,0,0,5.8,0,0,504,0,731.41,0,678.6385457788266,0,0,0,0,0,0,0,0,0,0,0,0,273.87,0,0,0,0,0,0,0,0,0,0,0,0,0,0,0,0,0
1851,0,0,0,35,0,0,0,0,0,0,5.8,0,0,504,0,731.41,0,685.4249312366148,0,0,0,0,0,0,0,0,0,0,0,0,273.87,0,0,0,0,0,0,0,0,0,0,0,0,0,0,0,0,0
1852,0,0,0,35,0,0,0,0,0,0,5.8,0,0,504,0,731.41,0,692.2791805489811,0,0,0,0,0,0,0,0,0,0,0,0,273.87,0,0,0,0,0,0,0,0,0,0,0,0,0,0,0,0,0
1853,0,0,0,35,0,0,0,0,0,0,5.8,0,0,504,0,731.41,0,699.2019723544709,0,0,0,0,0,0,0,0,0,0,0,0,273.87,0,0,0,0,0,0,0,0,0,0,0,0,0,0,0,0,0
1854,0,0,0,35,0,0,0,0,0,0,5.8,0,0,504,0,731.41,0,706.1939920780156,0,0,0,0,0,0,0,0,0,0,0,0,273.87,0,0,0,0,0,0,0,0,0,0,0,0,0,0,0,0,0
1855,0,0,0,35,0,0,0,0,0,0,5.8,0,0,504,0,731.41,0,713.2559319987959,0,0,0,0,0,0,0,0,0,0,0,0,273.87,0,0,0,0,0,0,0,0,0,0,0,0,0,0,0,0,0
1856,0,0,0,35,0,0,0,0,0,0,5.8,0,0,504,0,731.41,0,720.3884913187836,0,0,0,0,0,0,0,0,0,0,0,0,273.87,0,0,0,0,0,0,0,0,0,0,0,0,0,0,0,0,0
1857,0,0,0,35,0,0,0,0,0,0,5.8,0,0,504,0,731.41,0,727.5923762319716,0,0,0,0,0,0,0,0,0,0,0,0,273.87,0,0,0,0,0,0,0,0,0,0,0,0,0,0,0,0,0
1858,0,0,0,35,0,0,0,0,0,0,5.8,0,0,504,0,731.41,0,734.8682999942912,0,0,0,0,0,0,0,0,0,0,0,0,273.87,0,0,0,0,0,0,0,0,0,0,0,0,0,0,0,0,0
1859,0,0,0,35,0,0,0,0,0,0,5.8,0,0,504,0,731.41,0,742.2169829942343,0,0,0,0,0,0,0,0,0,0,0,0,273.87,0,0,0,0,0,0,0,0,0,0,0,0,0,0,0,0,0
1860,0,0,0,35,0,0,0,0,0,0,5.8,0,0,504,0,731.41,0,749.6391528241766,0,0,0,0,0,0,0,0,0,0,0,0,273.87,0,0,0,0,0,0,0,0,0,0,0,0,0,0,0,0,0
1861,0,0,0,35,0,0,0,0,0,0,5.8,0,0,504,0,731.41,0,757.1355443524184,0,0,0,0,0,0,0,0,0,0,0,0,273.87,0,0,0,0,0,0,0,0,0,0,0,0,0,0,0,0,0
1862,0,0,0,35,0,0,0,0,0,0,5.8,0,0,504,0,731.41,0,764.7068997959425,0,0,0,0,0,0,0,0,0,0,0,0,273.87,0,0,0,0,0,0,0,0,0,0,0,0,0,0,0,0,0
1863,0,0,0,35,0,0,0,0,0,0,5.8,0,0,504,0,731.41,0,772.3539687939019,0,0,0,0,0,0,0,0,0,0,0,0,273.87,0,0,0,0,0,0,0,0,0,0,0,0,0,0,0,0,0
1864,0,0,0,35,0,0,0,0,0,0,5.8,0,0,504,0,731.41,0,780.077508481841,0,0,0,0,0,0,0,0,0,0,0,0,273.87,0,0,0,0,0,0,0,0,0,0,0,0,0,0,0,0,0
1865,0,0,0,35,0,0,0,0,0,0,5.8,0,0,504,0,731.41,0,787.8782835666593,0,0,0,0,0,0,0,0,0,0,0,0,273.87,0,0,0,0,0,0,0,0,0,0,0,0,0,0,0,0,0
1866,0,0,0,35,0,0,0,0,0,0,5.8,0,0,504,0,731.41,0,795.757066402326,0,0,0,0,0,0,0,0,0,0,0,0,273.87,0,0,0,0,0,0,0,0,0,0,0,0,0,0,0,0,0
1867,0,0,0,35,0,0,0,0,0,0,5.8,0,0,504,0,731.41,0,803.7146370663493,0,0,0,0,0,0,0,0,0,0,0,0,273.87,0,0,0,0,0,0,0,0,0,0,0,0,0,0,0,0,0
1868,0,0,0,35,0,0,0,0,0,0,5.8,0,0,504,0,731.41,0,811.7517834370127,0,0,0,0,0,0,0,0,0,0,0,0,273.87,0,0,0,0,0,0,0,0,0,0,0,0,0,0,0,0,0
1869,0,0,0,35,0,0,0,0,0,0,5.8,0,0,504,0,731.41,0,819.8693012713829,0,0,0,0,0,0,0,0,0,0,0,0,273.87,0,0,0,0,0,0,0,0,0,0,0,0,0,0,0,0,0
1870,0,0,0,35,0,0,0,0,0,0,5.8,0,0,504,0,731.41,0,828.0679942840967,0,0,0,0,0,0,0,0,0,0,0,0,273.87,0,0,0,0,0,0,0,0,0,0,0,0,0,0,0,0,0
1871,0,0,0,35,0,0,0,0,0,0,5.8,0,0,504,0,731.41,0,836.3486742269376,0,0,0,0,0,0,0,0,0,0,0,0,273.87,0,0,0,0,0,0,0,0,0,0,0,0,0,0,0,0,0
1872,0,0,0,35,0,0,0,0,0,0,5.8,0,0,504,0,731.41,0,844.712160969207,0,0,0,0,0,0,0,0,0,0,0,0,273.87,0,0,0,0,0,0,0,0,0,0,0,0,0,0,0,0,0
1873,0,0,0,35,0,0,0,0,0,0,5.8,0,0,504,0,731.41,0,853.1592825788991,0,0,0,0,0,0,0,0,0,0,0,0,273.87,0,0,0,0,0,0,0,0,0,0,0,0,0,0,0,0,0
1874,0,0,0,35,0,0,0,0,0,0,5.8,0,0,504,0,731.41,0,861.6908754046882,0,0,0,0,0,0,0,0,0,0,0,0,273.87,0,0,0,0,0,0,0,0,0,0,0,0,0,0,0,0,0
1875,0,0,0,35,0,0,0,0,0,0,5.8,0,0,504,0,731.41,0,870.307784158735,0,0,0,0,0,0,0,0,0,0,0,0,273.87,0,0,0,0,0,0,0,0,0,0,0,0,0,0,0,0,0
1876,0,0,0,35,0,0,0,0,0,0,5.8,0,0,504,0,731.41,0,879.0108620003224,0,0,0,0,0,0,0,0,0,0,0,0,273.87,0,0,0,0,0,0,0,0,0,0,0,0,0,0,0,0,0
1877,0,0,0,35,0,0,0,0,0,0,5.8,0,0,504,0,731.41,0,887.8009706203256,0,0,0,0,0,0,0,0,0,0,0,0,273.87,0,0,0,0,0,0,0,0,0,0,0,0,0,0,0,0,0
1878,0,0,0,35,0,0,0,0,0,0,5.8,0,0,504,0,731.41,0,896.6789803265289,0,0,0,0,0,0,0,0,0,0,0,0,273.87,0,0,0,0,0,0,0,0,0,0,0,0,0,0,0,0,0
1879,0,0,0,35,0,0,0,0,0,0,5.8,0,0,504,0,731.41,0,905.6457701297943,0,0,0,0,0,0,0,0,0,0,0,0,273.87,0,0,0,0,0,0,0,0,0,0,0,0,0,0,0,0,0
1880,0,0,0,35,0,0,0,0,0,0,5.8,0,0,504,0,731.41,0,914.7022278310922,0,0,0,0,0,0,0,0,0,0,0,0,273.87,0,0,0,0,0,0,0,0,0,0,0,0,0,0,0,0,0
1881,0,0,0,35,0,0,0,0,0,0,5.8,0,0,504,0,731.41,0,923.8492501094031,0,0,0,0,0,0,0,0,0,0,0,0,273.87,0,0,0,0,0,0,0,0,0,0,0,0,0,0,0,0,0
1882,0,0,0,35,0,0,0,0,0,0,5.8,0,0,504,0,731.41,0,933.0877426104972,0,0,0,0,0,0,0,0,0,0,0,0,273.87,0,0,0,0,0,0,0,0,0,0,0,0,0,0,0,0,0
1883,0,0,0,35,0,0,0,0,0,0,5.8,0,0,504,0,731.41,0,942.4186200366021,0,0,0,0,0,0,0,0,0,0,0,0,273.87,0,0,0,0,0,0,0,0,0,0,0,0,0,0,0,0,0
1884,0,0,0,35,0,0,0,0,0,0,5.8,0,0,504,0,731.41,0,951.842806236968,0,0,0,0,0,0,0,0,0,0,0,0,273.87,0,0,0,0,0,0,0,0,0,0,0,0,0,0,0,0,0
1885,0,0,0,35,0,0,0,0,0,0,5.8,0,0,504,0,731.41,0,961.3612342993378,0,0,0,0,0,0,0,0,0,0,0,0,273.87,0,0,0,0,0,0,0,0,0,0,0,0,0,0,0,0,0
1886,0,0,0,35,0,0,0,0,0,0,5.8,0,0,504,0,731.41,0,970.9748466423312,0,0,0,0,0,0,0,0,0,0,0,0,273.87,0,0,0,0,0,0,0,0,0,0,0,0,0,0,0,0,0
1887,0,0,0,35,0,0,0,0,0,0,5.8,0,0,504,0,731.41,0,980.6845951087546,0,0,0,0,0,0,0,0,0,0,0,0,273.87,0,0,0,0,0,0,0,0,0,0,0,0,0,0,0,0,0
1888,0,0,0,35,0,0,0,0,0,0,5.8,0,0,504,0,731.41,0,990.491441059842,0,0,0,0,0,0,0,0,0,0,0,0,273.87,0,0,0,0,0,0,0,0,0,0,0,0,0,0,0,0,0
1889,0,0,0,35,0,0,0,0,0,0,5.8,0,0,504,0,731.41,0,1000.3963554704405,0,0,0,0,0,0,0,0,0,0,0,0,273.87,0,0,0,0,0,0,0,0,0,0,0,0,0,0,0,0,0
1890,0,0,0,35,0,0,0,0,0,0,5.8,0,0,504,0,731.41,0,1010.400319025145,0,0,0,0,0,0,0,0,0,0,0,0,273.87,0,0,0,0,0,0,0,0,0,0,0,0,0,0,0,0,0
1891,0,0,0,35,0,0,0,0,0,0,5.8,0,0,504,0,731.41,0,1020.5043222153963,0,0,0,0,0,0,0,0,0,0,0,0,273.87,0,0,0,0,0,0,0,0,0,0,0,0,0,0,0,0,0
1892,0,0,0,35,0,0,0,0,0,0,5.8,0,0,504,0,731.41,0,1030.7093654375503,0,0,0,0,0,0,0,0,0,0,0,0,273.87,0,0,0,0,0,0,0,0,0,0,0,0,0,0,0,0,0
1893,0,0,0,35,0,0,0,0,0,0,5.8,0,0,504,0,731.41,0,1041.016459091926,0,0,0,0,0,0,0,0,0,0,0,0,273.87,0,0,0,0,0,0,0,0,0,0,0,0,0,0,0,0,0
1894,0,0,0,35,0,0,0,0,0,0,5.8,0,0,504,0,731.41,0,1051.426623682845,0,0,0,0,0,0,0,0,0,0,0,0,273.87,0,0,0,0,0,0,0,0,0,0,0,0,0,0,0,0,0
1895,0,0,0,35,0,0,0,0,0,0,5.8,0,0,504,0,731.41,0,1061.9408899196735,0,0,0,0,0,0,0,0,0,0,0,0,273.87,0,0,0,0,0,0,0,0,0,0,0,0,0,0,0,0,0
1896,0,0,0,35,0,0,0,0,0,0,5.8,0,0,504,0,731.41,0,1072.5602988188703,0,0,0,0,0,0,0,0,0,0,0,0,273.87,0,0,0,0,0,0,0,0,0,0,0,0,0,0,0,0,0
1897,0,0,0,35,0,0,0,0,0,0,5.8,0,0,504,0,731.41,0,1083.285901807059,0,0,0,0,0,0,0,0,0,0,0,0,273.87,0,0,0,0,0,0,0,0,0,0,0,0,0,0,0,0,0
1898,0,0,0,35,0,0,0,0,0,0,5.8,0,0,504,0,731.41,0,1094.1187608251296,0,0,0,0,0,0,0,0,0,0,0,0,273.87,0,0,0,0,0,0,0,0,0,0,0,0,0,0,0,0,0
1899,0,0,0,35,0,0,0,0,0,0,5.8,0,0,504,0,731.41,0,1105.0599484333811,0,0,0,0,0,0,0,0,0,0,0,0,273.87,0,0,0,0,0,0,0,0,0,0,0,0,0,0,0,0,0
1900,0,0,0,35,0,0,0,0,0,0,5.8,0,0,504,0,731.41,0,1116.110547917715,0,0,0,0,0,0,0,0,0,0,0,0,273.87,0,0,0,0,0,0,0,0,0,0,0,0,0,0,0,0,0
1901,0,0,0,35,0,0,0,0,0,0,5.8,0,0,504,0,731.41,0,1127.271653396892,0,0,0,0,0,0,0,0,0,0,0,0,273.87,0,0,0,0,0,0,0,0,0,0,0,0,0,0,0,0,0
1902,0,0,0,35,0,0,0,0,0,0,5.8,0,0,504,0,731.41,0,1138.544369930861,0,0,0,0,0,0,0,0,0,0,0,0,273.87,0,0,0,0,0,0,0,0,0,0,0,0,0,0,0,0,0
1903,0,0,0,35,0,0,0,0,0,0,5.8,0,0,504,0,731.41,0,1149.9298136301693,0,0,0,0,0,0,0,0,0,0,0,0,273.87,0,0,0,0,0,0,0,0,0,0,0,0,0,0,0,0,0
1904,0,0,0,35,0,0,0,0,0,0,5.8,0,0,504,0,731.41,0,1161.4291117664711,0,0,0,0,0,0,0,0,0,0,0,0,273.87,0,0,0,0,0,0,0,0,0,0,0,0,0,0,0,0,0
1905,0,0,0,35,0,0,0,0,0,0,5.8,0,0,504,0,731.41,0,1173.0434028841357,0,0,0,0,0,0,0,0,0,0,0,0,273.87,0,0,0,0,0,0,0,0,0,0,0,0,0,0,0,0,0
1906,0,0,0,35,0,0,0,0,0,0,5.8,0,0,504,0,731.41,0,1184.7738369129775,0,0,0,0,0,0,0,0,0,0,0,0,273.87,0,0,0,0,0,0,0,0,0,0,0,0,0,0,0,0,0
1907,0,0,0,35,0,0,0,0,0,0,5.8,0,0,504,0,731.41,0,1196.621575282107,0,0,0,0,0,0,0,0,0,0,0,0,273.87,0,0,0,0,0,0,0,0,0,0,0,0,0,0,0,0,0
1908,0,0,0,35,0,0,0,0,0,0,5.8,0,0,504,0,731.41,0,1208.5877910349282,0,0,0,0,0,0,0,0,0,0,0,0,273.87,0,0,0,0,0,0,0,0,0,0,0,0,0,0,0,0,0
1909,0,0,0,35,0,0,0,0,0,0,5.8,0,0,504,0,731.41,0,1220.6736689452773,0,0,0,0,0,0,0,0,0,0,0,0,273.87,0,0,0,0,0,0,0,0,0,0,0,0,0,0,0,0,0
1910,0,0,0,35,0,0,0,0,0,0,5.8,0,0,504,0,731.41,0,1232.8804056347303,0,0,0,0,0,0,0,0,0,0,0,0,273.87,0,0,0,0,0,0,0,0,0,0,0,0,0,0,0,0,0
1911,0,0,0,35,0,0,0,0,0,0,5.8,0,0,504,0,731.41,0,1245.2092096910774,0,0,0,0,0,0,0,0,0,0,0,0,273.87,0,0,0,0,0,0,0,0,0,0,0,0,0,0,0,0,0
1912,0,0,0,35,0,0,0,0,0,0,5.8,0,0,504,0,731.41,0,1257.6613017879884,0,0,0,0,0,0,0,0,0,0,0,0,273.87,0,0,0,0,0,0,0,0,0,0,0,0,0,0,0,0,0
1913,0,0,0,35,0,0,0,0,0,0,5.8,0,0,504,0,731.41,0,1270.2379148058683,0,0,0,0,0,0,0,0,0,0,0,0,273.87,0,0,0,0,0,0,0,0,0,0,0,0,0,0,0,0,0
1914,0,0,0,35,0,0,0,0,0,0,5.8,0,0,504,0,731.41,0,1282.940293953927,0,0,0,0,0,0,0,0,0,0,0,0,273.87,0,0,0,0,0,0,0,0,0,0,0,0,0,0,0,0,0
1915,0,0,0,35,0,0,0,0,0,0,5.8,0,0,504,0,731.41,0,1295.769696893466,0,0,0,0,0,0,0,0,0,0,0,0,273.87,0,0,0,0,0,0,0,0,0,0,0,0,0,0,0,0,0
1916,0,0,0,35,0,0,0,0,0,0,5.8,0,0,504,0,731.41,0,1308.727393862401,0,0,0,0,0,0,0,0,0,0,0,0,273.87,0,0,0,0,0,0,0,0,0,0,0,0,0,0,0,0,0
1917,0,0,0,35,0,0,0,0,0,0,5.8,0,0,504,0,731.41,0,1321.8146678010248,0,0,0,0,0,0,0,0,0,0,0,0,273.87,0,0,0,0,0,0,0,0,0,0,0,0,0,0,0,0,0
1918,0,0,0,35,0,0,0,0,0,0,5.8,0,0,504,0,731.41,0,1335.032814479035,0,0,0,0,0,0,0,0,0,0,0,0,273.87,0,0,0,0,0,0,0,0,0,0,0,0,0,0,0,0,0
1919,0,0,0,35,0,0,0,0,0,0,5.8,0,0,504,0,731.41,0,1348.3831426238255,0,0,0,0,0,0,0,0,0,0,0,0,273.87,0,0,0,0,0,0,0,0,0,0,0,0,0,0,0,0,0
1920,0,0,0,35,0,0,0,0,0,0,5.8,0,0,504,0,731.41,0,1361.8669740500636,0,0,0,0,0,0,0,0,0,0,0,0,273.87,0,0,0,0,0,0,0,0,0,0,0,0,0,0,0,0,0
1921,0,0,0,35,0,0,0,0,0,0,5.8,0,0,504,0,731.41,0,1375.4856437905646,0,0,0,0,0,0,0,0,0,0,0,0,273.87,0,0,0,0,0,0,0,0,0,0,0,0,0,0,0,0,0
1922,0,0,0,35,0,0,0,0,0,0,5.8,0,0,504,0,731.41,0,1389.2405002284702,0,0,0,0,0,0,0,0,0,0,0,0,273.87,0,0,0,0,0,0,0,0,0,0,0,0,0,0,0,0,0
1923,0,0,0,35,0,0,0,0,0,0,5.8,0,0,504,0,731.41,0,1403.1329052307549,0,0,0,0,0,0,0,0,0,0,0,0,273.87,0,0,0,0,0,0,0,0,0,0,0,0,0,0,0,0,0
1924,0,0,0,35,0,0,0,0,0,0,5.8,0,0,504,0,731.41,0,1417.1642342830623,0,0,0,0,0,0,0,0,0,0,0,0,273.87,0,0,0,0,0,0,0,0,0,0,0,0,0,0,0,0,0
1925,0,0,0,35,0,0,0,0,0,0,5.8,0,0,504,0,731.41,0,1431.335876625893,0,0,0,0,0,0,0,0,0,0,0,0,273.87,0,0,0,0,0,0,0,0,0,0,0,0,0,0,0,0,0
1926,0,0,0,35,0,0,0,0,0,0,5.8,0,0,504,0,731.41,0,1445.649235392152,0,0,0,0,0,0,0,0,0,0,0,0,273.87,0,0,0,0,0,0,0,0,0,0,0,0,0,0,0,0,0
1927,0,0,0,35,0,0,0,0,0,0,5.8,0,0,504,0,731.41,0,1460.1057277460736,0,0,0,0,0,0,0,0,0,0,0,0,273.87,0,0,0,0,0,0,0,0,0,0,0,0,0,0,0,0,0
1928,0,0,0,35,0,0,0,0,0,0,5.8,0,0,504,0,731.41,0,1474.7067850235342,0,0,0,0,0,0,0,0,0,0,0,0,273.87,0,0,0,0,0,0,0,0,0,0,0,0,0,0,0,0,0
1929,0,0,0,35,0,0,0,0,0,0,5.8,0,0,504,0,731.41,0,1489.4538528737696,0,0,0,0,0,0,0,0,0,0,0,0,273.87,0,0,0,0,0,0,0,0,0,0,0,0,0,0,0,0,0
1930,0,0,0,35,0,0,0,0,0,0,5.8,0,0,504,0,731.41,0,1504.3483914025073,0,0,0,0,0,0,0,0,0,0,0,0,273.87,0,0,0,0,0,0,0,0,0,0,0,0,0,0,0,0,0
1931,0,0,0,35,0,0,0,0,0,0,5.8,0,0,504,0,731.41,0,1519.3918753165324,0,0,0,0,0,0,0,0,0,0,0,0,273.87,0,0,0,0,0,0,0,0,0,0,0,0,0,0,0,0,0
1932,0,0,0,35,0,0,0,0,0,0,5.8,0,0,504,0,731.41,0,1534.5857940696976,0,0,0,0,0,0,0,0,0,0,0,0,273.87,0,0,0,0,0,0,0,0,0,0,0,0,0,0,0,0,0
1933,0,0,0,35,0,0,0,0,0,0,5.8,0,0,504,0,731.41,0,1549.9316520103948,0,0,0,0,0,0,0,0,0,0,0,0,273.87,0,0,0,0,0,0,0,0,0,0,0,0,0,0,0,0,0
1934,0,0,0,35,0,0,0,0,0,0,5.8,0,0,504,0,731.41,0,1565.4309685304988,0,0,0,0,0,0,0,0,0,0,0,0,273.87,0,0,0,0,0,0,0,0,0,0,0,0,0,0,0,0,0
1935,0,0,0,35,0,0,0,0,0,0,5.8,0,0,504,0,731.41,0,1581.0852782158036,0,0,0,0,0,0,0,0,0,0,0,0,273.87,0,0,0,0,0,0,0,0,0,0,0,0,0,0,0,0,0
1936,0,0,0,35,0,0,0,0,0,0,5.8,0,0,504,0,731.41,0,1596.8961309979618,0,0,0,0,0,0,0,0,0,0,0,0,273.87,0,0,0,0,0,0,0,0,0,0,0,0,0,0,0,0,0
1937,0,0,0,35,0,0,0,0,0,0,5.8,0,0,504,0,731.41,0,1612.8650923079415,0,0,0,0,0,0,0,0,0,0,0,0,273.87,0,0,0,0,0,0,0,0,0,0,0,0,0,0,0,0,0
1938,0,0,0,35,0,0,0,0,0,0,5.8,0,0,504,0,731.41,0,1628.9937432310207,0,0,0,0,0,0,0,0,0,0,0,0,273.87,0,0,0,0,0,0,0,0,0,0,0,0,0,0,0,0,0
1939,0,0,0,35,0,0,0,0,0,0,5.8,0,0,504,0,731.41,0,1645.2836806633309,0,0,0,0,0,0,0,0,0,0,0,0,273.87,0,0,0,0,0,0,0,0,0,0,0,0,0,0,0,0,0
1940,0,0,0,35,0,0,0,0,0,0,5.8,0,0,504,0,731.41,0,1661.7365174699644,0,0,0,0,0,0,0,0,0,0,0,0,273.87,0,0,0,0,0,0,0,0,0,0,0,0,0,0,0,0,0
1941,0,0,0,35,0,0,0,0,0,0,5.8,0,0,504,0,731.41,0,1678.353882644664,0,0,0,0,0,0,0,0,0,0,0,0,273.87,0,0,0,0,0,0,0,0,0,0,0,0,0,0,0,0,0
1942,0,0,0,35,0,0,0,0,0,0,5.8,0,0,504,0,731.41,0,1695.1374214711107,0,0,0,0,0,0,0,0,0,0,0,0,273.87,0,0,0,0,0,0,0,0,0,0,0,0,0,0,0,0,0
1943,0,0,0,35,0,0,0,0,0,0,5.8,0,0,504,0,731.41,0,1712.0887956858219,0,0,0,0,0,0,0,0,0,0,0,0,273.87,0,0,0,0,0,0,0,0,0,0,0,0,0,0,0,0,0
1944,0,0,0,35,0,0,0,0,0,0,5.8,0,0,504,0,731.41,0,1729.2096836426801,0,0,0,0,0,0,0,0,0,0,0,0,273.87,0,0,0,0,0,0,0,0,0,0,0,0,0,0,0,0,0
1945,0,0,0,35,0,0,0,0,0,0,5.8,0,0,504,0,731.41,0,1746.5017804791069,0,0,0,0,0,0,0,0,0,0,0,0,273.87,0,0,0,0,0,0,0,0,0,0,0,0,0,0,0,0,0
1946,0,0,0,35,0,0,0,0,0,0,5.8,0,0,504,0,731.41,0,1763.9667982838978,0,0,0,0,0,0,0,0,0,0,0,0,273.87,0,0,0,0,0,0,0,0,0,0,0,0,0,0,0,0,0
1947,0,0,0,35,0,0,0,0,0,0,5.8,0,0,504,0,731.41,0,1781.6064662667368,0,0,0,0,0,0,0,0,0,0,0,0,273.87,0,0,0,0,0,0,0,0,0,0,0,0,0,0,0,0,0
1948,0,0,0,35,0,0,0,0,0,0,5.8,0,0,504,0,731.41,0,1799.4225309294043,0,0,0,0,0,0,0,0,0,0,0,0,273.87,0,0,0,0,0,0,0,0,0,0,0,0,0,0,0,0,0
1949,0,0,0,35,0,0,0,0,0,0,5.8,0,0,504,0,731.41,0,1817.4167562386983,0,0,0,0,0,0,0,0,0,0,0,0,273.87,0,0,0,0,0,0,0,0,0,0,0,0,0,0,0,0,0
1950,0,0,0,35,0,0,0,0,0,0,5.8,0,0,504,0,731.41,0,1835.5909238010854,0,0,0,0,0,0,0,0,0,0,0,0,273.87,0,0,0,0,0,0,0,0,0,0,0,0,0,0,0,0,0
1951,0,0,0,35,0,0,0,0,0,0,5.8,0,0,504,0,731.41,0,1853.9468330390962,0,0,0,0,0,0,0,0,0,0,0,0,273.87,0,0,0,0,0,0,0,0,0,0,0,0,0,0,0,0,0
1952,0,0,0,35,0,0,0,0,0,0,5.8,0,0,504,0,731.41,0,1872.4863013694871,0,0,0,0,0,0,0,0,0,0,0,0,273.87,0,0,0,0,0,0,0,0,0,0,0,0,0,0,0,0,0
1953,0,0,0,35,0,0,0,0,0,0,5.8,0,0,504,0,731.41,0,1891.211164383182,0,0,0,0,0,0,0,0,0,0,0,0,273.87,0,0,0,0,0,0,0,0,0,0,0,0,0,0,0,0,0
1954,0,0,0,35,0,0,0,0,0,0,5.8,0,0,504,0,731.41,0,1910.123276027014,0,0,0,0,0,0,0,0,0,0,0,0,273.87,0,0,0,0,0,0,0,0,0,0,0,0,0,0,0,0,0
1955,0,0,0,35,0,0,0,0,0,0,5.8,0,0,504,0,731.41,0,1929.224508787284,0,0,0,0,0,0,0,0,0,0,0,0,273.87,0,0,0,0,0,0,0,0,0,0,0,0,0,0,0,0,0
1956,0,0,0,35,0,0,0,0,0,0,5.8,0,0,504,0,731.41,0,1948.5167538751568,0,0,0,0,0,0,0,0,0,0,0,0,273.87,0,0,0,0,0,0,0,0,0,0,0,0,0,0,0,0,0
1957,0,0,0,35,0,0,0,0,0,0,5.8,0,0,504,0,731.41,0,1968.0019214139086,0,0,0,0,0,0,0,0,0,0,0,0,273.87,0,0,0,0,0,0,0,0,0,0,0,0,0,0,0,0,0
1958,0,0,0,35,0,0,0,0,0,0,5.8,0,0,504,0,731.41,0,1987.6819406280476,0,0,0,0,0,0,0,0,0,0,0,0,273.87,0,0,0,0,0,0,0,0,0,0,0,0,0,0,0,0,0
1959,0,0,0,35,0,0,0,0,0,0,5.8,0,0,504,0,731.41,0,2007.558760034328,0,0,0,0,0,0,0,0,0,0,0,0,273.87,0,0,0,0,0,0,0,0,0,0,0,0,0,0,0,0,0
1960,0,0,0,35,0,0,0,0,0,0,5.8,0,0,504,0,731.41,0,2027.6343476346715,0,0,0,0,0,0,0,0,0,0,0,0,273.87,0,0,0,0,0,0,0,0,0,0,0,0,0,0,0,0,0
1961,0,0,0,35,0,0,0,0,0,0,5.8,0,0,504,0,731.41,0,2047.9106911110182,0,0,0,0,0,0,0,0,0,0,0,0,273.87,0,0,0,0,0,0,0,0,0,0,0,0,0,0,0,0,0
1962,0,0,0,35,0,0,0,0,0,0,5.8,0,0,504,0,731.41,0,2068.3897980221286,0,0,0,0,0,0,0,0,0,0,0,0,273.87,0,0,0,0,0,0,0,0,0,0,0,0,0,0,0,0,0
1963,0,0,0,35,0,0,0,0,0,0,5.8,0,0,504,0,731.41,0,2089.0736960023496,0,0,0,0,0,0,0,0,0,0,0,0,273.87,0,0,0,0,0,0,0,0,0,0,0,0,0,0,0,0,0
1964,0,0,0,35,0,0,0,0,0,0,5.8,0,0,504,0,731.41,0,2109.9644329623734,0,0,0,0,0,0,0,0,0,0,0,0,273.87,0,0,0,0,0,0,0,0,0,0,0,0,0,0,0,0,0
1965,0,0,0,35,0,0,0,0,0,0,5.8,0,0,504,0,731.41,0,2131.064077291997,0,0,0,0,0,0,0,0,0,0,0,0,273.87,0,0,0,0,0,0,0,0,0,0,0,0,0,0,0,0,0
1966,0,0,0,35,0,0,0,0,0,0,5.8,0,0,504,0,731.41,0,2152.3747180649166,0,0,0,0,0,0,0,0,0,0,0,0,273.87,0,0,0,0,0,0,0,0,0,0,0,0,0,0,0,0,0
1967,0,0,0,35,0,0,0,0,0,0,5.8,0,0,504,0,731.41,0,2173.898465245566,0,0,0,0,0,0,0,0,0,0,0,0,273.87,0,0,0,0,0,0,0,0,0,0,0,0,0,0,0,0,0
1968,0,0,0,35,0,0,0,0,0,0,5.8,0,0,504,0,731.41,0,2195.6374498980217,0,0,0,0,0,0,0,0,0,0,0,0,273.87,0,0,0,0,0,0,0,0,0,0,0,0,0,0,0,0,0
1969,0,0,0,35,0,0,0,0,0,0,5.8,0,0,504,0,731.41,0,2217.593824397002,0,0,0,0,0,0,0,0,0,0,0,0,273.87,0,0,0,0,0,0,0,0,0,0,0,0,0,0,0,0,0
1970,0,0,0,35,0,0,0,0,0,0,5.8,0,0,504,0,731.41,0,2239.7697626409717,0,0,0,0,0,0,0,0,0,0,0,0,273.87,0,0,0,0,0,0,0,0,0,0,0,0,0,0,0,0,0
1971,0,0,0,35,0,0,0,0,0,0,5.8,0,0,504,0,731.41,0,2262.1674602673816,0,0,0,0,0,0,0,0,0,0,0,0,273.87,0,0,0,0,0,0,0,0,0,0,0,0,0,0,0,0,0
1972,0,0,0,35,0,0,0,0,0,0,5.8,0,0,504,0,731.41,0,2284.7891348700555,0,0,0,0,0,0,0,0,0,0,0,0,273.87,0,0,0,0,0,0,0,0,0,0,0,0,0,0,0,0,0
1973,0,0,0,35,0,0,0,0,0,0,5.8,0,0,504,0,731.41,0,2307.6370262187565,0,0,0,0,0,0,0,0,0,0,0,0,273.87,0,0,0,0,0,0,0,0,0,0,0,0,0,0,0,0,0
1974,0,0,0,35,0,0,0,0,0,0,5.8,0,0,504,0,731.41,0,2330.713396480944,0,0,0,0,0,0,0,0,0,0,0,0,273.87,0,0,0,0,0,0,0,0,0,0,0,0,0,0,0,0,0
1975,0,0,0,35,0,0,0,0,0,0,5.8,0,0,504,0,731.41,0,2354.020530445753,0,0,0,0,0,0,0,0,0,0,0,0,273.87,0,0,0,0,0,0,0,0,0,0,0,0,0,0,0,0,0
1976,0,0,0,35,0,0,0,0,0,0,5.8,0,0,504,0,731.41,0,2377.560735750211,0,0,0,0,0,0,0,0,0,0,0,0,273.87,0,0,0,0,0,0,0,0,0,0,0,0,0,0,0,0,0
1977,0,0,0,35,0,0,0,0,0,0,5.8,0,0,504,0,731.41,0,2401.3363431077128,0,0,0,0,0,0,0,0,0,0,0,0,273.87,0,0,0,0,0,0,0,0,0,0,0,0,0,0,0,0,0
1978,0,0,0,35,0,0,0,0,0,0,5.8,0,0,504,0,731.41,0,2425.34970653879,0,0,0,0,0,0,0,0,0,0,0,0,273.87,0,0,0,0,0,0,0,0,0,0,0,0,0,0,0,0,0
1979,0,0,0,35,0,0,0,0,0,0,5.8,0,0,504,0,731.41,0,2449.603203604178,0,0,0,0,0,0,0,0,0,0,0,0,273.87,0,0,0,0,0,0,0,0,0,0,0,0,0,0,0,0,0
1980,0,0,0,35,0,0,0,0,0,0,5.8,0,0,504,0,731.41,0,2474.09923564022,0,0,0,0,0,0,0,0,0,0,0,0,273.87,0,0,0,0,0,0,0,0,0,0,0,0,0,0,0,0,0
1981,0,0,0,35,0,0,0,0,0,0,5.8,0,0,504,0,731.41,0,2498.840227996622,0,0,0,0,0,0,0,0,0,0,0,0,273.87,0,0,0,0,0,0,0,0,0,0,0,0,0,0,0,0,0
1982,0,0,0,35,0,0,0,0,0,0,5.8,0,0,504,0,731.41,0,2523.8286302765882,0,0,0,0,0,0,0,0,0,0,0,0,273.87,0,0,0,0,0,0,0,0,0,0,0,0,0,0,0,0,0
1983,0,0,0,35,0,0,0,0,0,0,5.8,0,0,504,0,731.41,0,2549.0669165793543,0,0,0,0,0,0,0,0,0,0,0,0,273.87,0,0,0,0,0,0,0,0,0,0,0,0,0,0,0,0,0
1984,0,0,0,35,0,0,0,0,0,0,5.8,0,0,504,0,731.41,0,2574.5575857451477,0,0,0,0,0,0,0,0,0,0,0,0,273.87,0,0,0,0,0,0,0,0,0,0,0,0,0,0,0,0,0
1985,0,0,0,35,0,0,0,0,0,0,5.8,0,0,504,0,731.41,0,2600.3031616025996,0,0,0,0,0,0,0,0,0,0,0,0,273.87,0,0,0,0,0,0,0,0,0,0,0,0,0,0,0,0,0
1986,0,0,0,35,0,0,0,0,0,0,5.8,0,0,504,0,731.41,0,2626.306193218625,0,0,0,0,0,0,0,0,0,0,0,0,273.87,0,0,0,0,0,0,0,0,0,0,0,0,0,0,0,0,0
1987,0,0,0,35,0,0,0,0,0,0,5.8,0,0,504,0,731.41,0,2652.569255150812,0,0,0,0,0,0,0,0,0,0,0,0,273.87,0,0,0,0,0,0,0,0,0,0,0,0,0,0,0,0,0
1988,0,0,0,35,0,0,0,0,0,0,5.8,0,0,504,0,731.41,0,2679.0949477023196,0,0,0,0,0,0,0,0,0,0,0,0,273.87,0,0,0,0,0,0,0,0,0,0,0,0,0,0,0,0,0
1989,0,0,0,35,0,0,0,0,0,0,5.8,0,0,504,0,731.41,0,2705.885897179343,0,0,0,0,0,0,0,0,0,0,0,0,273.87,0,0,0,0,0,0,0,0,0,0,0,0,0,0,0,0,0
1990,0,0,0,35,0,0,0,0,0,0,5.8,0,0,504,0,731.41,0,2732.9447561511365,0,0,0,0,0,0,0,0,0,0,0,0,273.87,0,0,0,0,0,0,0,0,0,0,0,0,0,0,0,0,0
1991,0,0,0,35,0,0,0,0,0,0,5.8,0,0,504,0,731.41,0,2760.2742037126477,0,0,0,0,0,0,0,0,0,0,0,0,273.87,0,0,0,0,0,0,0,0,0,0,0,0,0,0,0,0,0
1992,0,0,0,35,0,0,0,0,0,0,5.8,0,0,504,0,731.41,0,2787.876945749774,0,0,0,0,0,0,0,0,0,0,0,0,273.87,0,0,0,0,0,0,0,0,0,0,0,0,0,0,0,0,0
1993,0,0,0,35,0,0,0,0,0,0,5.8,0,0,504,0,731.41,0,2815.7557152072723,0,0,0,0,0,0,0,0,0,0,0,0,273.87,0,0,0,0,0,0,0,0,0,0,0,0,0,0,0,0,0
1994,0,0,0,35,0,0,0,0,0,0,5.8,0,0,504,0,731.41,0,2843.913272359345,0,0,0,0,0,0,0,0,0,0,0,0,273.87,0,0,0,0,0,0,0,0,0,0,0,0,0,0,0,0,0
1995,0,0,0,35,0,0,0,0,0,0,5.8,0,0,504,0,731.41,0,2872.3524050829383,0,0,0,0,0,0,0,0,0,0,0,0,273.87,0,0,0,0,0,0,0,0,0,0,0,0,0,0,0,0,0
1996,0,0,0,35,0,0,0,0,0,0,5.8,0,0,504,0,731.41,0,2901.0759291337677,0,0,0,0,0,0,0,0,0,0,0,0,273.87,0,0,0,0,0,0,0,0,0,0,0,0,0,0,0,0,0
1997,0,0,0,35,0,0,0,0,0,0,5.8,0,0,504,0,731.41,0,2930.0866884251054,0,0,0,0,0,0,0,0,0,0,0,0,273.87,0,0,0,0,0,0,0,0,0,0,0,0,0,0,0,0,0
1998,0,0,0,35,0,0,0,0,0,0,5.8,0,0,504,0,731.41,0,2959.3875553093567,0,0,0,0,0,0,0,0,0,0,0,0,273.87,0,0,0,0,0,0,0,0,0,0,0,0,0,0,0,0,0
1999,0,0,0,35,0,0,0,0,0,0,5.8,0,0,504,0,731.41,0,2988.9814308624495,0,0,0,0,0,0,0,0,0,0,0,0,273.87,0,0,0,0,0,0,0,0,0,0,0,0,0,0,0,0,0
2000,0,0,0,35,0,0,0,0,0,0,5.8,0,0,504,0,731.41,0,3018.8712451710744,0,0,0,0,0,0,0,0,0,0,0,0,273.87,0,0,0,0,0,0,0,0,0,0,0,0,0,0,0,0,0
2001,0,0,0,35,0,0,0,0,0,0,5.8,0,0,504,0,731.41,0,3049.059957622785,0,0,0,0,0,0,0,0,0,0,0,0,273.87,0,0,0,0,0,0,0,0,0,0,0,0,0,0,0,0,0
2002,0,0,0,35,0,0,0,0,0,0,5.8,0,0,504,0,731.41,0,3079.5505571990134,0,0,0,0,0,0,0,0,0,0,0,0,273.87,0,0,0,0,0,0,0,0,0,0,0,0,0,0,0,0,0
2003,0,0,0,35,0,0,0,0,0,0,5.8,0,0,504,0,731.41,0,3110.3460627710037,0,0,0,0,0,0,0,0,0,0,0,0,273.87,0,0,0,0,0,0,0,0,0,0,0,0,0,0,0,0,0
2004,0,0,0,35,0,0,0,0,0,0,5.8,0,0,504,0,731.41,0,3141.4495233987136,0,0,0,0,0,0,0,0,0,0,0,0,273.87,0,0,0,0,0,0,0,0,0,0,0,0,0,0,0,0,0
2005,0,0,0,35,0,0,0,0,0,0,5.8,0,0,504,0,731.41,0,3172.8640186327,0,0,0,0,0,0,0,0,0,0,0,0,273.87,0,0,0,0,0,0,0,0,0,0,0,0,0,0,0,0,0
2006,0,0,0,35,0,0,0,0,0,0,5.8,0,0,504,0,731.41,0,3204.5926588190273,0,0,0,0,0,0,0,0,0,0,0,0,273.87,0,0,0,0,0,0,0,0,0,0,0,0,0,0,0,0,0
2007,0,0,0,35,0,0,0,0,0,0,5.8,0,0,504,0,731.41,0,3236.6385854072178,0,0,0,0,0,0,0,0,0,0,0,0,273.87,0,0,0,0,0,0,0,0,0,0,0,0,0,0,0,0,0
2008,0,0,0,35,0,0,0,0,0,0,5.8,0,0,504,0,731.41,0,3269.0049712612904,0,0,0,0,0,0,0,0,0,0,0,0,273.87,0,0,0,0,0,0,0,0,0,0,0,0,0,0,0,0,0
2009,0,0,0,35,0,0,0,0,0,0,5.8,0,0,504,0,731.41,0,3301.695020973903,0,0,0,0,0,0,0,0,0,0,0,0,273.87,0,0,0,0,0,0,0,0,0,0,0,0,0,0,0,0,0
2010,0,0,0,35,0,0,0,0,0,0,5.8,0,0,504,0,731.41,0,3334.711971183642,0,0,0,0,0,0,0,0,0,0,0,0,273.87,0,0,0,0,0,0,0,0,0,0,0,0,0,0,0,0,0
2011,0,0,0,35,0,0,0,0,0,0,5.8,0,0,504,0,731.41,0,3368.0590908954787,0,0,0,0,0,0,0,0,0,0,0,0,273.87,0,0,0,0,0,0,0,0,0,0,0,0,0,0,0,0,0
2012,0,0,0,35,0,0,0,0,0,0,5.8,0,0,504,0,731.41,0,3401.7396818044335,0,0,0,0,0,0,0,0,0,0,0,0,273.87,0,0,0,0,0,0,0,0,0,0,0,0,0,0,0,0,0
2013,0,0,0,35,0,0,0,0,0,0,5.8,0,0,504,0,731.41,0,3435.757078622478,0,0,0,0,0,0,0,0,0,0,0,0,273.87,0,0,0,0,0,0,0,0,0,0,0,0,0,0,0,0,0
2014,0,0,0,35,0,0,0,0,0,0,5.8,0,0,504,0,731.41,0,3470.1146494087025,0,0,0,0,0,0,0,0,0,0,0,0,273.87,0,0,0,0,0,0,0,0,0,0,0,0,0,0,0,0,0
2015,0,0,0,35,0,0,0,0,0,0,5.8,0,0,504,0,731.41,0,3504.8157959027894,0,0,0,0,0,0,0,0,0,0,0,0,273.87,0,0,0,0,0,0,0,0,0,0,0,0,0,0,0,0,0
2016,0,0,0,35,0,0,0,0,0,0,5.8,0,0,504,0,731.41,0,3539.863953861817,0,0,0,0,0,0,0,0,0,0,0,0,273.87,0,0,0,0,0,0,0,0,0,0,0,0,0,0,0,0,0
2017,0,0,0,35,0,0,0,0,0,0,5.8,0,0,504,0,731.41,0,3575.262593400436,0,0,0,0,0,0,0,0,0,0,0,0,273.87,0,0,0,0,0,0,0,0,0,0,0,0,0,0,0,0,0
2018,0,0,0,35,0,0,0,0,0,0,5.8,0,0,504,0,731.41,0,3611.01521933444,0,0,0,0,0,0,0,0,0,0,0,0,273.87,0,0,0,0,0,0,0,0,0,0,0,0,0,0,0,0,0
2019,0,0,0,35,0,0,0,0,0,0,5.8,0,0,504,0,731.41,0,3647.1253715277844,0,0,0,0,0,0,0,0,0,0,0,0,273.87,0,0,0,0,0,0,0,0,0,0,0,0,0,0,0,0,0
2020,0,0,0,35,0,0,0,0,0,0,5.8,0,0,504,0,731.41,0,3683.596625243062,0,0,0,0,0,0,0,0,0,0,0,0,273.87,0,0,0,0,0,0,0,0,0,0,0,0,0,0,0,0,0
2021,0,0,0,35,0,0,0,0,0,0,5.8,0,0,504,0,731.41,0,3720.432591495493,0,0,0,0,0,0,0,0,0,0,0,0,273.87,0,0,0,0,0,0,0,0,0,0,0,0,0,0,0,0,0
2022,0,0,0,35,0,0,0,0,0,0,5.8,0,0,504,0,731.41,0,3757.636917410448,0,0,0,0,0,0,0,0,0,0,0,0,273.87,0,0,0,0,0,0,0,0,0,0,0,0,0,0,0,0,0
2023,0,0,0,35,0,0,0,0,0,0,5.8,0,0,504,0,731.41,0,3795.213286584553,0,0,0,0,0,0,0,0,0,0,0,0,273.87,0,0,0,0,0,0,0,0,0,0,0,0,0,0,0,0,0
2024,0,0,0,35,0,0,0,0,0,0,5.8,0,0,504,0,731.41,0,3833.165419450398,0,0,0,0,0,0,0,0,0,0,0,0,273.87,0,0,0,0,0,0,0,0,0,0,0,0,0,0,0,0,0
2025,0,0,0,35,0,0,0,0,0,0,5.8,0,0,504,0,731.41,0,3871.4970736449022,0,0,0,0,0,0,0,0,0,0,0,0,273.87,0,0,0,0,0,0,0,0,0,0,0,0,0,0,0,0,0
2026,0,0,0,35,0,0,0,0,0,0,5.8,0,0,504,0,731.41,0,3910.212044381351,0,0,0,0,0,0,0,0,0,0,0,0,273.87,0,0,0,0,0,0,0,0,0,0,0,0,0,0,0,0,0
2027,0,0,0,35,0,0,0,0,0,0,5.8,0,0,504,0,731.41,0,3949.314164825165,0,0,0,0,0,0,0,0,0,0,0,0,273.87,0,0,0,0,0,0,0,0,0,0,0,0,0,0,0,0,0
2028,0,0,0,35,0,0,0,0,0,0,5.8,0,0,504,0,731.41,0,3988.8073064734162,0,0,0,0,0,0,0,0,0,0,0,0,273.87,0,0,0,0,0,0,0,0,0,0,0,0,0,0,0,0,0
2029,0,0,0,35,0,0,0,0,0,0,5.8,0,0,504,0,731.41,0,4028.6953795381505,0,0,0,0,0,0,0,0,0,0,0,0,273.87,0,0,0,0,0,0,0,0,0,0,0,0,0,0,0,0,0
2030,0,0,0,35,0,0,0,0,0,0,5.8,0,0,504,0,731.41,0,4068.982333333532,0,0,0,0,0,0,0,0,0,0,0,0,273.87,0,0,0,0,0,0,0,0,0,0,0,0,0,0,0,0,0
2031,0,0,0,35,0,0,0,0,0,0,5.8,0,0,504,0,731.41,0,4109.6721566668675,0,0,0,0,0,0,0,0,0,0,0,0,273.87,0,0,0,0,0,0,0,0,0,0,0,0,0,0,0,0,0
2032,0,0,0,35,0,0,0,0,0,0,5.8,0,0,504,0,731.41,0,4150.768878233536,0,0,0,0,0,0,0,0,0,0,0,0,273.87,0,0,0,0,0,0,0,0,0,0,0,0,0,0,0,0,0
2033,0,0,0,35,0,0,0,0,0,0,5.8,0,0,504,0,731.41,0,4192.2765670158715,0,0,0,0,0,0,0,0,0,0,0,0,273.87,0,0,0,0,0,0,0,0,0,0,0,0,0,0,0,0,0
2034,0,0,0,35,0,0,0,0,0,0,5.8,0,0,504,0,731.41,0,4234.19933268603,0,0,0,0,0,0,0,0,0,0,0,0,273.87,0,0,0,0,0,0,0,0,0,0,0,0,0,0,0,0,0
2035,0,0,0,35,0,0,0,0,0,0,5.8,0,0,504,0,731.41,0,4276.541326012891,0,0,0,0,0,0,0,0,0,0,0,0,273.87,0,0,0,0,0,0,0,0,0,0,0,0,0,0,0,0,0
2036,0,0,0,35,0,0,0,0,0,0,5.8,0,0,504,0,731.41,0,4319.30673927302,0,0,0,0,0,0,0,0,0,0,0,0,273.87,0,0,0,0,0,0,0,0,0,0,0,0,0,0,0,0,0
2037,0,0,0,35,0,0,0,0,0,0,5.8,0,0,504,0,731.41,0,4362.49980666575,0,0,0,0,0,0,0,0,0,0,0,0,273.87,0,0,0,0,0,0,0,0,0,0,0,0,0,0,0,0,0
2038,0,0,0,35,0,0,0,0,0,0,5.8,0,0,504,0,731.41,0,4406.124804732407,0,0,0,0,0,0,0,0,0,0,0,0,273.87,0,0,0,0,0,0,0,0,0,0,0,0,0,0,0,0,0
2039,0,0,0,35,0,0,0,0,0,0,5.8,0,0,504,0,731.41,0,4450.186052779732,0,0,0,0,0,0,0,0,0,0,0,0,273.87,0,0,0,0,0,0,0,0,0,0,0,0,0,0,0,0,0
2040,0,0,0,35,0,0,0,0,0,0,5.8,0,0,504,0,731.41,0,4494.687913307529,0,0,0,0,0,0,0,0,0,0,0,0,273.87,0,0,0,0,0,0,0,0,0,0,0,0,0,0,0,0,0
2041,0,0,0,35,0,0,0,0,0,0,5.8,0,0,504,0,731.41,0,4539.6347924406045,0,0,0,0,0,0,0,0,0,0,0,0,273.87,0,0,0,0,0,0,0,0,0,0,0,0,0,0,0,0,0
2042,0,0,0,35,0,0,0,0,0,0,5.8,0,0,504,0,731.41,0,4585.03114036501,0,0,0,0,0,0,0,0,0,0,0,0,273.87,0,0,0,0,0,0,0,0,0,0,0,0,0,0,0,0,0
2043,0,0,0,35,0,0,0,0,0,0,5.8,0,0,504,0,731.41,0,4630.881451768661,0,0,0,0,0,0,0,0,0,0,0,0,273.87,0,0,0,0,0,0,0,0,0,0,0,0,0,0,0,0,0
2044,0,0,0,35,0,0,0,0,0,0,5.8,0,0,504,0,731.41,0,4677.190266286347,0,0,0,0,0,0,0,0,0,0,0,0,273.87,0,0,0,0,0,0,0,0,0,0,0,0,0,0,0,0,0
2045,0,0,0,35,0,0,0,0,0,0,5.8,0,0,504,0,731.41,0,4723.962168949211,0,0,0,0,0,0,0,0,0,0,0,0,273.87,0,0,0,0,0,0,0,0,0,0,0,0,0,0,0,0,0
2046,0,0,0,35,0,0,0,0,0,0,5.8,0,0,504,0,731.41,0,4771.201790638702,0,0,0,0,0,0,0,0,0,0,0,0,273.87,0,0,0,0,0,0,0,0,0,0,0,0,0,0,0,0,0
2047,0,0,0,35,0,0,0,0,0,0,5.8,0,0,504,0,731.41,0,4818.9138085450895,0,0,0,0,0,0,0,0,0,0,0,0,273.87,0,0,0,0,0,0,0,0,0,0,0,0,0,0,0,0,0
2048,0,0,0,35,0,0,0,0,0,0,5.8,0,0,504,0,731.41,0,4867.102946630541,0,0,0,0,0,0,0,0,0,0,0,0,273.87,0,0,0,0,0,0,0,0,0,0,0,0,0,0,0,0,0
2049,0,0,0,35,0,0,0,0,0,0,5.8,0,0,504,0,731.41,0,4915.773976096846,0,0,0,0,0,0,0,0,0,0,0,0,273.87,0,0,0,0,0,0,0,0,0,0,0,0,0,0,0,0,0
2050,0,0,0,35,0,0,0,0,0,0,5.8,0,0,504,0,731.41,0,4964.931715857815,0,0,0,0,0,0,0,0,0,0,0,0,273.87,0,0,0,0,0,0,0,0,0,0,0,0,0,0,0,0,0
2051,0,0,0,35,0,0,0,0,0,0,5.8,0,0,504,0,731.41,0,5014.581033016393,0,0,0,0,0,0,0,0,0,0,0,0,273.87,0,0,0,0,0,0,0,0,0,0,0,0,0,0,0,0,0
2052,0,0,0,35,0,0,0,0,0,0,5.8,0,0,504,0,731.41,0,5064.726843346557,0,0,0,0,0,0,0,0,0,0,0,0,273.87,0,0,0,0,0,0,0,0,0,0,0,0,0,0,0,0,0
2053,0,0,0,35,0,0,0,0,0,0,5.8,0,0,504,0,731.41,0,5115.374111780022,0,0,0,0,0,0,0,0,0,0,0,0,273.87,0,0,0,0,0,0,0,0,0,0,0,0,0,0,0,0,0
2054,0,0,0,35,0,0,0,0,0,0,5.8,0,0,504,0,731.41,0,5166.527852897822,0,0,0,0,0,0,0,0,0,0,0,0,273.87,0,0,0,0,0,0,0,0,0,0,0,0,0,0,0,0,0
2055,0,0,0,35,0,0,0,0,0,0,5.8,0,0,504,0,731.41,0,5218.193131426801,0,0,0,0,0,0,0,0,0,0,0,0,273.87,0,0,0,0,0,0,0,0,0,0,0,0,0,0,0,0,0
2056,0,0,0,35,0,0,0,0,0,0,5.8,0,0,504,0,731.41,0,5270.375062741069,0,0,0,0,0,0,0,0,0,0,0,0,273.87,0,0,0,0,0,0,0,0,0,0,0,0,0,0,0,0,0
2057,0,0,0,35,0,0,0,0,0,0,5.8,0,0,504,0,731.41,0,5323.078813368479,0,0,0,0,0,0,0,0,0,0,0,0,273.87,0,0,0,0,0,0,0,0,0,0,0,0,0,0,0,0,0
2058,0,0,0,35,0,0,0,0,0,0,5.8,0,0,504,0,731.41,0,5376.309601502165,0,0,0,0,0,0,0,0,0,0,0,0,273.87,0,0,0,0,0,0,0,0,0,0,0,0,0,0,0,0,0
2059,0,0,0,35,0,0,0,0,0,0,5.8,0,0,504,0,731.41,0,5430.0726975171865,0,0,0,0,0,0,0,0,0,0,0,0,273.87,0,0,0,0,0,0,0,0,0,0,0,0,0,0,0,0,0
2060,0,0,0,35,0,0,0,0,0,0,5.8,0,0,504,0,731.41,0,5484.373424492358,0,0,0,0,0,0,0,0,0,0,0,0,273.87,0,0,0,0,0,0,0,0,0,0,0,0,0,0,0,0,0
2061,0,0,0,35,0,0,0,0,0,0,5.8,0,0,504,0,731.41,0,5539.217158737282,0,0,0,0,0,0,0,0,0,0,0,0,273.87,0,0,0,0,0,0,0,0,0,0,0,0,0,0,0,0,0
2062,0,0,0,35,0,0,0,0,0,0,5.8,0,0,504,0,731.41,0,5594.609330324654,0,0,0,0,0,0,0,0,0,0,0,0,273.87,0,0,0,0,0,0,0,0,0,0,0,0,0,0,0,0,0
2063,0,0,0,35,0,0,0,0,0,0,5.8,0,0,504,0,731.41,0,5650.555423627901,0,0,0,0,0,0,0,0,0,0,0,0,273.87,0,0,0,0,0,0,0,0,0,0,0,0,0,0,0,0,0
2064,0,0,0,35,0,0,0,0,0,0,5.8,0,0,504,0,731.41,0,5707.06097786418,0,0,0,0,0,0,0,0,0,0,0,0,273.87,0,0,0,0,0,0,0,0,0,0,0,0,0,0,0,0,0
2065,0,0,0,35,0,0,0,0,0,0,5.8,0,0,504,0,731.41,0,5764.1315876428225,0,0,0,0,0,0,0,0,0,0,0,0,273.87,0,0,0,0,0,0,0,0,0,0,0,0,0,0,0,0,0
2066,0,0,0,35,0,0,0,0,0,0,5.8,0,0,504,0,731.41,0,5821.772903519251,0,0,0,0,0,0,0,0,0,0,0,0,273.87,0,0,0,0,0,0,0,0,0,0,0,0,0,0,0,0,0
2067,0,0,0,35,0,0,0,0,0,0,5.8,0,0,504,0,731.41,0,5879.9906325544425,0,0,0,0,0,0,0,0,0,0,0,0,273.87,0,0,0,0,0,0,0,0,0,0,0,0,0,0,0,0,0
2068,0,0,0,35,0,0,0,0,0,0,5.8,0,0,504,0,731.41,0,5938.790538879988,0,0,0,0,0,0,0,0,0,0,0,0,273.87,0,0,0,0,0,0,0,0,0,0,0,0,0,0,0,0,0
2069,0,0,0,35,0,0,0,0,0,0,5.8,0,0,504,0,731.41,0,5998.178444268788,0,0,0,0,0,0,0,0,0,0,0,0,273.87,0,0,0,0,0,0,0,0,0,0,0,0,0,0,0,0,0
2070,0,0,0,35,0,0,0,0,0,0,5.8,0,0,504,0,731.41,0,6058.160228711475,0,0,0,0,0,0,0,0,0,0,0,0,273.87,0,0,0,0,0,0,0,0,0,0,0,0,0,0,0,0,0
2071,0,0,0,35,0,0,0,0,0,0,5.8,0,0,504,0,731.41,0,6118.74183099859,0,0,0,0,0,0,0,0,0,0,0,0,273.87,0,0,0,0,0,0,0,0,0,0,0,0,0,0,0,0,0
2072,0,0,0,35,0,0,0,0,0,0,5.8,0,0,504,0,731.41,0,6179.929249308577,0,0,0,0,0,0,0,0,0,0,0,0,273.87,0,0,0,0,0,0,0,0,0,0,0,0,0,0,0,0,0
2073,0,0,0,35,0,0,0,0,0,0,5.8,0,0,504,0,731.41,0,6241.728541801662,0,0,0,0,0,0,0,0,0,0,0,0,273.87,0,0,0,0,0,0,0,0,0,0,0,0,0,0,0,0,0
2074,0,0,0,35,0,0,0,0,0,0,5.8,0,0,504,0,731.41,0,6304.145827219679,0,0,0,0,0,0,0,0,0,0,0,0,273.87,0,0,0,0,0,0,0,0,0,0,0,0,0,0,0,0,0
2075,0,0,0,35,0,0,0,0,0,0,5.8,0,0,504,0,731.41,0,6367.187285491876,0,0,0,0,0,0,0,0,0,0,0,0,273.87,0,0,0,0,0,0,0,0,0,0,0,0,0,0,0,0,0
2076,0,0,0,35,0,0,0,0,0,0,5.8,0,0,504,0,731.41,0,6430.859158346794,0,0,0,0,0,0,0,0,0,0,0,0,273.87,0,0,0,0,0,0,0,0,0,0,0,0,0,0,0,0,0
2077,0,0,0,35,0,0,0,0,0,0,5.8,0,0,504,0,731.41,0,6495.167749930262,0,0,0,0,0,0,0,0,0,0,0,0,273.87,0,0,0,0,0,0,0,0,0,0,0,0,0,0,0,0,0
2078,0,0,0,35,0,0,0,0,0,0,5.8,0,0,504,0,731.41,0,6560.119427429565,0,0,0,0,0,0,0,0,0,0,0,0,273.87,0,0,0,0,0,0,0,0,0,0,0,0,0,0,0,0,0
2079,0,0,0,35,0,0,0,0,0,0,5.8,0,0,504,0,731.41,0,6625.72062170386,0,0,0,0,0,0,0,0,0,0,0,0,273.87,0,0,0,0,0,0,0,0,0,0,0,0,0,0,0,0,0
2080,0,0,0,35,0,0,0,0,0,0,5.8,0,0,504,0,731.41,0,6691.9778279208995,0,0,0,0,0,0,0,0,0,0,0,0,273.87,0,0,0,0,0,0,0,0,0,0,0,0,0,0,0,0,0
2081,0,0,0,35,0,0,0,0,0,0,5.8,0,0,504,0,731.41,0,6758.897606200108,0,0,0,0,0,0,0,0,0,0,0,0,273.87,0,0,0,0,0,0,0,0,0,0,0,0,0,0,0,0,0
2082,0,0,0,35,0,0,0,0,0,0,5.8,0,0,504,0,731.41,0,6826.48658226211,0,0,0,0,0,0,0,0,0,0,0,0,273.87,0,0,0,0,0,0,0,0,0,0,0,0,0,0,0,0,0
2083,0,0,0,35,0,0,0,0,0,0,5.8,0,0,504,0,731.41,0,6894.751448084731,0,0,0,0,0,0,0,0,0,0,0,0,273.87,0,0,0,0,0,0,0,0,0,0,0,0,0,0,0,0,0
2084,0,0,0,35,0,0,0,0,0,0,5.8,0,0,504,0,731.41,0,6963.698962565578,0,0,0,0,0,0,0,0,0,0,0,0,273.87,0,0,0,0,0,0,0,0,0,0,0,0,0,0,0,0,0
2085,0,0,0,35,0,0,0,0,0,0,5.8,0,0,504,0,731.41,0,7033.335952191233,0,0,0,0,0,0,0,0,0,0,0,0,273.87,0,0,0,0,0,0,0,0,0,0,0,0,0,0,0,0,0
2086,0,0,0,35,0,0,0,0,0,0,5.8,0,0,504,0,731.41,0,7103.669311713147,0,0,0,0,0,0,0,0,0,0,0,0,273.87,0,0,0,0,0,0,0,0,0,0,0,0,0,0,0,0,0
2087,0,0,0,35,0,0,0,0,0,0,5.8,0,0,504,0,731.41,0,7174.706004830278,0,0,0,0,0,0,0,0,0,0,0,0,273.87,0,0,0,0,0,0,0,0,0,0,0,0,0,0,0,0,0
2088,0,0,0,35,0,0,0,0,0,0,5.8,0,0,504,0,731.41,0,7246.45306487858,0,0,0,0,0,0,0,0,0,0,0,0,273.87,0,0,0,0,0,0,0,0,0,0,0,0,0,0,0,0,0
2089,0,0,0,35,0,0,0,0,0,0,5.8,0,0,504,0,731.41,0,7318.917595527367,0,0,0,0,0,0,0,0,0,0,0,0,273.87,0,0,0,0,0,0,0,0,0,0,0,0,0,0,0,0,0
2090,0,0,0,35,0,0,0,0,0,0,5.8,0,0,504,0,731.41,0,7392.10677148264,0,0,0,0,0,0,0,0,0,0,0,0,273.87,0,0,0,0,0,0,0,0,0,0,0,0,0,0,0,0,0
2091,0,0,0,35,0,0,0,0,0,0,5.8,0,0,504,0,731.41,0,7466.027839197467,0,0,0,0,0,0,0,0,0,0,0,0,273.87,0,0,0,0,0,0,0,0,0,0,0,0,0,0,0,0,0
2092,0,0,0,35,0,0,0,0,0,0,5.8,0,0,504,0,731.41,0,7540.688117589441,0,0,0,0,0,0,0,0,0,0,0,0,273.87,0,0,0,0,0,0,0,0,0,0,0,0,0,0,0,0,0
2093,0,0,0,35,0,0,0,0,0,0,5.8,0,0,504,0,731.41,0,7616.094998765337,0,0,0,0,0,0,0,0,0,0,0,0,273.87,0,0,0,0,0,0,0,0,0,0,0,0,0,0,0,0,0
2094,0,0,0,35,0,0,0,0,0,0,5.8,0,0,504,0,731.41,0,7692.25594875299,0,0,0,0,0,0,0,0,0,0,0,0,273.87,0,0,0,0,0,0,0,0,0,0,0,0,0,0,0,0,0
2095,0,0,0,35,0,0,0,0,0,0,5.8,0,0,504,0,731.41,0,7769.1785082405195,0,0,0,0,0,0,0,0,0,0,0,0,273.87,0,0,0,0,0,0,0,0,0,0,0,0,0,0,0,0,0
2096,0,0,0,35,0,0,0,0,0,0,5.8,0,0,504,0,731.41,0,7846.870293322925,0,0,0,0,0,0,0,0,0,0,0,0,273.87,0,0,0,0,0,0,0,0,0,0,0,0,0,0,0,0,0
2097,0,0,0,35,0,0,0,0,0,0,5.8,0,0,504,0,731.41,0,7925.338996256154,0,0,0,0,0,0,0,0,0,0,0,0,273.87,0,0,0,0,0,0,0,0,0,0,0,0,0,0,0,0,0
2098,0,0,0,35,0,0,0,0,0,0,5.8,0,0,504,0,731.41,0,8004.5923862187165,0,0,0,0,0,0,0,0,0,0,0,0,273.87,0,0,0,0,0,0,0,0,0,0,0,0,0,0,0,0,0
2099,0,0,0,35,0,0,0,0,0,0,5.8,0,0,504,0,731.41,0,8084.6383100809035,0,0,0,0,0,0,0,0,0,0,0,0,273.87,0,0,0,0,0,0,0,0,0,0,0,0,0,0,0,0,0
2100,0,0,0,35,0,0,0,0,0,0,5.8,0,0,504,0,731.41,0,8165.484693181712,0,0,0,0,0,0,0,0,0,0,0,0,273.87,0,0,0,0,0,0,0,0,0,0,0,0,0,0,0,0,0
2101,0,0,0,35,0,0,0,0,0,0,5.8,0,0,504,0,731.41,0,8247.139540113529,0,0,0,0,0,0,0,0,0,0,0,0,273.87,0,0,0,0,0,0,0,0,0,0,0,0,0,0,0,0,0
2102,0,0,0,35,0,0,0,0,0,0,5.8,0,0,504,0,731.41,0,8329.610935514664,0,0,0,0,0,0,0,0,0,0,0,0,273.87,0,0,0,0,0,0,0,0,0,0,0,0,0,0,0,0,0
2103,0,0,0,35,0,0,0,0,0,0,5.8,0,0,504,0,731.41,0,8412.907044869811,0,0,0,0,0,0,0,0,0,0,0,0,273.87,0,0,0,0,0,0,0,0,0,0,0,0,0,0,0,0,0
2104,0,0,0,35,0,0,0,0,0,0,5.8,0,0,504,0,731.41,0,8497.03611531851,0,0,0,0,0,0,0,0,0,0,0,0,273.87,0,0,0,0,0,0,0,0,0,0,0,0,0,0,0,0,0
2105,0,0,0,35,0,0,0,0,0,0,5.8,0,0,504,0,731.41,0,8582.006476471695,0,0,0,0,0,0,0,0,0,0,0,0,273.87,0,0,0,0,0,0,0,0,0,0,0,0,0,0,0,0,0
2106,0,0,0,35,0,0,0,0,0,0,5.8,0,0,504,0,731.41,0,8667.82654123641,0,0,0,0,0,0,0,0,0,0,0,0,273.87,0,0,0,0,0,0,0,0,0,0,0,0,0,0,0,0,0
2107,0,0,0,35,0,0,0,0,0,0,5.8,0,0,504,0,731.41,0,8754.504806648776,0,0,0,0,0,0,0,0,0,0,0,0,273.87,0,0,0,0,0,0,0,0,0,0,0,0,0,0,0,0,0
2108,0,0,0,35,0,0,0,0,0,0,5.8,0,0,504,0,731.41,0,8842.049854715264,0,0,0,0,0,0,0,0,0,0,0,0,273.87,0,0,0,0,0,0,0,0,0,0,0,0,0,0,0,0,0
2109,0,0,0,35,0,0,0,0,0,0,5.8,0,0,504,0,731.41,0,8930.470353262415,0,0,0,0,0,0,0,0,0,0,0,0,273.87,0,0,0,0,0,0,0,0,0,0,0,0,0,0,0,0,0
2110,0,0,0,35,0,0,0,0,0,0,5.8,0,0,504,0,731.41,0,9019.775056795039,0,0,0,0,0,0,0,0,0,0,0,0,273.87,0,0,0,0,0,0,0,0,0,0,0,0,0,0,0,0,0
2111,0,0,0,35,0,0,0,0,0,0,5.8,0,0,504,0,731.41,0,9109.97280736299,0,0,0,0,0,0,0,0,0,0,0,0,273.87,0,0,0,0,0,0,0,0,0,0,0,0,0,0,0,0,0
2112,0,0,0,35,0,0,0,0,0,0,5.8,0,0,504,0,731.41,0,9201.07253543662,0,0,0,0,0,0,0,0,0,0,0,0,273.87,0,0,0,0,0,0,0,0,0,0,0,0,0,0,0,0,0
2113,0,0,0,35,0,0,0,0,0,0,5.8,0,0,504,0,731.41,0,9293.083260790987,0,0,0,0,0,0,0,0,0,0,0,0,273.87,0,0,0,0,0,0,0,0,0,0,0,0,0,0,0,0,0
2114,0,0,0,35,0,0,0,0,0,0,5.8,0,0,504,0,731.41,0,9386.014093398897,0,0,0,0,0,0,0,0,0,0,0,0,273.87,0,0,0,0,0,0,0,0,0,0,0,0,0,0,0,0,0
2115,0,0,0,35,0,0,0,0,0,0,5.8,0,0,504,0,731.41,0,9479.874234332885,0,0,0,0,0,0,0,0,0,0,0,0,273.87,0,0,0,0,0,0,0,0,0,0,0,0,0,0,0,0,0
2116,0,0,0,35,0,0,0,0,0,0,5.8,0,0,504,0,731.41,0,9574.672976676216,0,0,0,0,0,0,0,0,0,0,0,0,273.87,0,0,0,0,0,0,0,0,0,0,0,0,0,0,0,0,0
2117,0,0,0,35,0,0,0,0,0,0,5.8,0,0,504,0,731.41,0,9670.419706442977,0,0,0,0,0,0,0,0,0,0,0,0,273.87,0,0,0,0,0,0,0,0,0,0,0,0,0,0,0,0,0
2118,0,0,0,35,0,0,0,0,0,0,5.8,0,0,504,0,731.41,0,9767.123903507407,0,0,0,0,0,0,0,0,0,0,0,0,273.87,0,0,0,0,0,0,0,0,0,0,0,0,0,0,0,0,0
2119,0,0,0,35,0,0,0,0,0,0,5.8,0,0,504,0,731.41,0,9864.795142542482,0,0,0,0,0,0,0,0,0,0,0,0,273.87,0,0,0,0,0,0,0,0,0,0,0,0,0,0,0,0,0
2120,0,0,0,35,0,0,0,0,0,0,5.8,0,0,504,0,731.41,0,9963.443093967908,0,0,0,0,0,0,0,0,0,0,0,0,273.87,0,0,0,0,0,0,0,0,0,0,0,0,0,0,0,0,0
2121,0,0,0,35,0,0,0,0,0,0,5.8,0,0,504,0,731.41,0,10063.077524907587,0,0,0,0,0,0,0,0,0,0,0,0,273.87,0,0,0,0,0,0,0,0,0,0,0,0,0,0,0,0,0
2122,0,0,0,35,0,0,0,0,0,0,5.8,0,0,504,0,731.41,0,10163.70830015666,0,0,0,0,0,0,0,0,0,0,0,0,273.87,0,0,0,0,0,0,0,0,0,0,0,0,0,0,0,0,0
2123,0,0,0,35,0,0,0,0,0,0,5.8,0,0,504,0,731.41,0,10265.345383158228,0,0,0,0,0,0,0,0,0,0,0,0,273.87,0,0,0,0,0,0,0,0,0,0,0,0,0,0,0,0,0
2124,0,0,0,35,0,0,0,0,0,0,5.8,0,0,504,0,731.41,0,10367.998836989811,0,0,0,0,0,0,0,0,0,0,0,0,273.87,0,0,0,0,0,0,0,0,0,0,0,0,0,0,0,0,0
2125,0,0,0,35,0,0,0,0,0,0,5.8,0,0,504,0,731.41,0,10471.67882535971,0,0,0,0,0,0,0,0,0,0,0,0,273.87,0,0,0,0,0,0,0,0,0,0,0,0,0,0,0,0,0
2126,0,0,0,35,0,0,0,0,0,0,5.8,0,0,504,0,731.41,0,10576.395613613306,0,0,0,0,0,0,0,0,0,0,0,0,273.87,0,0,0,0,0,0,0,0,0,0,0,0,0,0,0,0,0
2127,0,0,0,35,0,0,0,0,0,0,5.8,0,0,504,0,731.41,0,10682.15956974944,0,0,0,0,0,0,0,0,0,0,0,0,273.87,0,0,0,0,0,0,0,0,0,0,0,0,0,0,0,0,0
2128,0,0,0,35,0,0,0,0,0,0,5.8,0,0,504,0,731.41,0,10788.981165446934,0,0,0,0,0,0,0,0,0,0,0,0,273.87,0,0,0,0,0,0,0,0,0,0,0,0,0,0,0,0,0
2129,0,0,0,35,0,0,0,0,0,0,5.8,0,0,504,0,731.41,0,10896.870977101404,0,0,0,0,0,0,0,0,0,0,0,0,273.87,0,0,0,0,0,0,0,0,0,0,0,0,0,0,0,0,0
2130,0,0,0,35,0,0,0,0,0,0,5.8,0,0,504,0,731.41,0,11005.839686872418,0,0,0,0,0,0,0,0,0,0,0,0,273.87,0,0,0,0,0,0,0,0,0,0,0,0,0,0,0,0,0
2131,0,0,0,35,0,0,0,0,0,0,5.8,0,0,504,0,731.41,0,11115.89808374114,0,0,0,0,0,0,0,0,0,0,0,0,273.87,0,0,0,0,0,0,0,0,0,0,0,0,0,0,0,0,0
2132,0,0,0,35,0,0,0,0,0,0,5.8,0,0,504,0,731.41,0,11227.057064578554,0,0,0,0,0,0,0,0,0,0,0,0,273.87,0,0,0,0,0,0,0,0,0,0,0,0,0,0,0,0,0
2133,0,0,0,35,0,0,0,0,0,0,5.8,0,0,504,0,731.41,0,11339.32763522434,0,0,0,0,0,0,0,0,0,0,0,0,273.87,0,0,0,0,0,0,0,0,0,0,0,0,0,0,0,0,0
2134,0,0,0,35,0,0,0,0,0,0,5.8,0,0,504,0,731.41,0,11452.720911576582,0,0,0,0,0,0,0,0,0,0,0,0,273.87,0,0,0,0,0,0,0,0,0,0,0,0,0,0,0,0,0
2135,0,0,0,35,0,0,0,0,0,0,5.8,0,0,504,0,731.41,0,11567.248120692348,0,0,0,0,0,0,0,0,0,0,0,0,273.87,0,0,0,0,0,0,0,0,0,0,0,0,0,0,0,0,0
2136,0,0,0,35,0,0,0,0,0,0,5.8,0,0,504,0,731.41,0,11682.920601899272,0,0,0,0,0,0,0,0,0,0,0,0,273.87,0,0,0,0,0,0,0,0,0,0,0,0,0,0,0,0,0
2137,0,0,0,35,0,0,0,0,0,0,5.8,0,0,504,0,731.41,0,11799.749807918264,0,0,0,0,0,0,0,0,0,0,0,0,273.87,0,0,0,0,0,0,0,0,0,0,0,0,0,0,0,0,0
2138,0,0,0,35,0,0,0,0,0,0,5.8,0,0,504,0,731.41,0,11917.747305997447,0,0,0,0,0,0,0,0,0,0,0,0,273.87,0,0,0,0,0,0,0,0,0,0,0,0,0,0,0,0,0
2139,0,0,0,35,0,0,0,0,0,0,5.8,0,0,504,0,731.41,0,12036.924779057423,0,0,0,0,0,0,0,0,0,0,0,0,273.87,0,0,0,0,0,0,0,0,0,0,0,0,0,0,0,0,0
2140,0,0,0,35,0,0,0,0,0,0,5.8,0,0,504,0,731.41,0,12157.294026847996,0,0,0,0,0,0,0,0,0,0,0,0,273.87,0,0,0,0,0,0,0,0,0,0,0,0,0,0,0,0,0
2141,0,0,0,35,0,0,0,0,0,0,5.8,0,0,504,0,731.41,0,12278.866967116477,0,0,0,0,0,0,0,0,0,0,0,0,273.87,0,0,0,0,0,0,0,0,0,0,0,0,0,0,0,0,0
2142,0,0,0,35,0,0,0,0,0,0,5.8,0,0,504,0,731.41,0,12401.65563678764,0,0,0,0,0,0,0,0,0,0,0,0,273.87,0,0,0,0,0,0,0,0,0,0,0,0,0,0,0,0,0
2143,0,0,0,35,0,0,0,0,0,0,5.8,0,0,504,0,731.41,0,12525.672193155518,0,0,0,0,0,0,0,0,0,0,0,0,273.87,0,0,0,0,0,0,0,0,0,0,0,0,0,0,0,0,0
2144,0,0,0,35,0,0,0,0,0,0,5.8,0,0,504,0,731.41,0,12650.928915087072,0,0,0,0,0,0,0,0,0,0,0,0,273.87,0,0,0,0,0,0,0,0,0,0,0,0,0,0,0,0,0
2145,0,0,0,35,0,0,0,0,0,0,5.8,0,0,504,0,731.41,0,12777.438204237944,0,0,0,0,0,0,0,0,0,0,0,0,273.87,0,0,0,0,0,0,0,0,0,0,0,0,0,0,0,0,0
2146,0,0,0,35,0,0,0,0,0,0,5.8,0,0,504,0,731.41,0,12905.212586280322,0,0,0,0,0,0,0,0,0,0,0,0,273.87,0,0,0,0,0,0,0,0,0,0,0,0,0,0,0,0,0
2147,0,0,0,35,0,0,0,0,0,0,5.8,0,0,504,0,731.41,0,13034.264712143126,0,0,0,0,0,0,0,0,0,0,0,0,273.87,0,0,0,0,0,0,0,0,0,0,0,0,0,0,0,0,0
2148,0,0,0,35,0,0,0,0,0,0,5.8,0,0,504,0,731.41,0,13164.607359264557,0,0,0,0,0,0,0,0,0,0,0,0,273.87,0,0,0,0,0,0,0,0,0,0,0,0,0,0,0,0,0
2149,0,0,0,35,0,0,0,0,0,0,5.8,0,0,504,0,731.41,0,13296.253432857202,0,0,0,0,0,0,0,0,0,0,0,0,273.87,0,0,0,0,0,0,0,0,0,0,0,0,0,0,0,0,0
2150,0,0,0,35,0,0,0,0,0,0,5.8,0,0,504,0,731.41,0,13429.215967185775,0,0,0,0,0,0,0,0,0,0,0,0,273.87,0,0,0,0,0,0,0,0,0,0,0,0,0,0,0,0,0
2151,0,0,0,35,0,0,0,0,0,0,5.8,0,0,504,0,731.41,0,13563.508126857634,0,0,0,0,0,0,0,0,0,0,0,0,273.87,0,0,0,0,0,0,0,0,0,0,0,0,0,0,0,0,0
2152,0,0,0,35,0,0,0,0,0,0,5.8,0,0,504,0,731.41,0,13699.14320812621,0,0,0,0,0,0,0,0,0,0,0,0,273.87,0,0,0,0,0,0,0,0,0,0,0,0,0,0,0,0,0
2153,0,0,0,35,0,0,0,0,0,0,5.8,0,0,504,0,731.41,0,13836.134640207472,0,0,0,0,0,0,0,0,0,0,0,0,273.87,0,0,0,0,0,0,0,0,0,0,0,0,0,0,0,0,0
2154,0,0,0,35,0,0,0,0,0,0,5.8,0,0,504,0,731.41,0,13974.495986609547,0,0,0,0,0,0,0,0,0,0,0,0,273.87,0,0,0,0,0,0,0,0,0,0,0,0,0,0,0,0,0
2155,0,0,0,35,0,0,0,0,0,0,5.8,0,0,504,0,731.41,0,14114.240946475644,0,0,0,0,0,0,0,0,0,0,0,0,273.87,0,0,0,0,0,0,0,0,0,0,0,0,0,0,0,0,0
2156,0,0,0,35,0,0,0,0,0,0,5.8,0,0,504,0,731.41,0,14255.3833559404,0,0,0,0,0,0,0,0,0,0,0,0,273.87,0,0,0,0,0,0,0,0,0,0,0,0,0,0,0,0,0
2157,0,0,0,35,0,0,0,0,0,0,5.8,0,0,504,0,731.41,0,14397.937189499804,0,0,0,0,0,0,0,0,0,0,0,0,273.87,0,0,0,0,0,0,0,0,0,0,0,0,0,0,0,0,0
2158,0,0,0,35,0,0,0,0,0,0,5.8,0,0,504,0,731.41,0,14541.9165613948,0,0,0,0,0,0,0,0,0,0,0,0,273.87,0,0,0,0,0,0,0,0,0,0,0,0,0,0,0,0,0
2159,0,0,0,35,0,0,0,0,0,0,5.8,0,0,504,0,731.41,0,14687.33572700875,0,0,0,0,0,0,0,0,0,0,0,0,273.87,0,0,0,0,0,0,0,0,0,0,0,0,0,0,0,0,0
2160,0,0,0,35,0,0,0,0,0,0,5.8,0,0,504,0,731.41,0,14834.209084278837,0,0,0,0,0,0,0,0,0,0,0,0,273.87,0,0,0,0,0,0,0,0,0,0,0,0,0,0,0,0,0
2161,0,0,0,35,0,0,0,0,0,0,5.8,0,0,504,0,731.41,0,14982.551175121625,0,0,0,0,0,0,0,0,0,0,0,0,273.87,0,0,0,0,0,0,0,0,0,0,0,0,0,0,0,0,0
2162,0,0,0,35,0,0,0,0,0,0,5.8,0,0,504,0,731.41,0,15132.376686872842,0,0,0,0,0,0,0,0,0,0,0,0,273.87,0,0,0,0,0,0,0,0,0,0,0,0,0,0,0,0,0
2163,0,0,0,35,0,0,0,0,0,0,5.8,0,0,504,0,731.41,0,15283.70045374157,0,0,0,0,0,0,0,0,0,0,0,0,273.87,0,0,0,0,0,0,0,0,0,0,0,0,0,0,0,0,0
2164,0,0,0,35,0,0,0,0,0,0,5.8,0,0,504,0,731.41,0,15436.537458278986,0,0,0,0,0,0,0,0,0,0,0,0,273.87,0,0,0,0,0,0,0,0,0,0,0,0,0,0,0,0,0
2165,0,0,0,35,0,0,0,0,0,0,5.8,0,0,504,0,731.41,0,15590.902832861777,0,0,0,0,0,0,0,0,0,0,0,0,273.87,0,0,0,0,0,0,0,0,0,0,0,0,0,0,0,0,0
2166,0,0,0,35,0,0,0,0,0,0,5.8,0,0,504,0,731.41,0,15746.811861190396,0,0,0,0,0,0,0,0,0,0,0,0,273.87,0,0,0,0,0,0,0,0,0,0,0,0,0,0,0,0,0
2167,0,0,0,35,0,0,0,0,0,0,5.8,0,0,504,0,731.41,0,15904.279979802299,0,0,0,0,0,0,0,0,0,0,0,0,273.87,0,0,0,0,0,0,0,0,0,0,0,0,0,0,0,0,0
2168,0,0,0,35,0,0,0,0,0,0,5.8,0,0,504,0,731.41,0,16063.322779600321,0,0,0,0,0,0,0,0,0,0,0,0,273.87,0,0,0,0,0,0,0,0,0,0,0,0,0,0,0,0,0
2169,0,0,0,35,0,0,0,0,0,0,5.8,0,0,504,0,731.41,0,16223.956007396324,0,0,0,0,0,0,0,0,0,0,0,0,273.87,0,0,0,0,0,0,0,0,0,0,0,0,0,0,0,0,0
2170,0,0,0,35,0,0,0,0,0,0,5.8,0,0,504,0,731.41,0,16386.195567470288,0,0,0,0,0,0,0,0,0,0,0,0,273.87,0,0,0,0,0,0,0,0,0,0,0,0,0,0,0,0,0
2171,0,0,0,35,0,0,0,0,0,0,5.8,0,0,504,0,731.41,0,16550.05752314499,0,0,0,0,0,0,0,0,0,0,0,0,273.87,0,0,0,0,0,0,0,0,0,0,0,0,0,0,0,0,0
2172,0,0,0,35,0,0,0,0,0,0,5.8,0,0,504,0,731.41,0,16715.55809837644,0,0,0,0,0,0,0,0,0,0,0,0,273.87,0,0,0,0,0,0,0,0,0,0,0,0,0,0,0,0,0
2173,0,0,0,35,0,0,0,0,0,0,5.8,0,0,504,0,731.41,0,16882.713679360208,0,0,0,0,0,0,0,0,0,0,0,0,273.87,0,0,0,0,0,0,0,0,0,0,0,0,0,0,0,0,0
2174,0,0,0,35,0,0,0,0,0,0,5.8,0,0,504,0,731.41,0,17051.540816153807,0,0,0,0,0,0,0,0,0,0,0,0,273.87,0,0,0,0,0,0,0,0,0,0,0,0,0,0,0,0,0
2175,0,0,0,35,0,0,0,0,0,0,5.8,0,0,504,0,731.41,0,17222.056224315347,0,0,0,0,0,0,0,0,0,0,0,0,273.87,0,0,0,0,0,0,0,0,0,0,0,0,0,0,0,0,0
2176,0,0,0,35,0,0,0,0,0,0,5.8,0,0,504,0,731.41,0,17394.2767865585,0,0,0,0,0,0,0,0,0,0,0,0,273.87,0,0,0,0,0,0,0,0,0,0,0,0,0,0,0,0,0
2177,0,0,0,35,0,0,0,0,0,0,5.8,0,0,504,0,731.41,0,17568.219554424086,0,0,0,0,0,0,0,0,0,0,0,0,273.87,0,0,0,0,0,0,0,0,0,0,0,0,0,0,0,0,0
2178,0,0,0,35,0,0,0,0,0,0,5.8,0,0,504,0,731.41,0,17743.90174996833,0,0,0,0,0,0,0,0,0,0,0,0,273.87,0,0,0,0,0,0,0,0,0,0,0,0,0,0,0,0,0
2179,0,0,0,35,0,0,0,0,0,0,5.8,0,0,504,0,731.41,0,17921.34076746801,0,0,0,0,0,0,0,0,0,0,0,0,273.87,0,0,0,0,0,0,0,0,0,0,0,0,0,0,0,0,0
2180,0,0,0,35,0,0,0,0,0,0,5.8,0,0,504,0,731.41,0,18100.55417514269,0,0,0,0,0,0,0,0,0,0,0,0,273.87,0,0,0,0,0,0,0,0,0,0,0,0,0,0,0,0,0
2181,0,0,0,35,0,0,0,0,0,0,5.8,0,0,504,0,731.41,0,18281.559716894117,0,0,0,0,0,0,0,0,0,0,0,0,273.87,0,0,0,0,0,0,0,0,0,0,0,0,0,0,0,0,0
2182,0,0,0,35,0,0,0,0,0,0,5.8,0,0,504,0,731.41,0,18464.375314063058,0,0,0,0,0,0,0,0,0,0,0,0,273.87,0,0,0,0,0,0,0,0,0,0,0,0,0,0,0,0,0
2183,0,0,0,35,0,0,0,0,0,0,5.8,0,0,504,0,731.41,0,18649.01906720369,0,0,0,0,0,0,0,0,0,0,0,0,273.87,0,0,0,0,0,0,0,0,0,0,0,0,0,0,0,0,0
2184,0,0,0,35,0,0,0,0,0,0,5.8,0,0,504,0,731.41,0,18835.50925787573,0,0,0,0,0,0,0,0,0,0,0,0,273.87,0,0,0,0,0,0,0,0,0,0,0,0,0,0,0,0,0
2185,0,0,0,35,0,0,0,0,0,0,5.8,0,0,504,0,731.41,0,19023.864350454485,0,0,0,0,0,0,0,0,0,0,0,0,273.87,0,0,0,0,0,0,0,0,0,0,0,0,0,0,0,0,0
2186,0,0,0,35,0,0,0,0,0,0,5.8,0,0,504,0,731.41,0,19214.102993959026,0,0,0,0,0,0,0,0,0,0,0,0,273.87,0,0,0,0,0,0,0,0,0,0,0,0,0,0,0,0,0
2187,0,0,0,35,0,0,0,0,0,0,5.8,0,0,504,0,731.41,0,19406.24402389862,0,0,0,0,0,0,0,0,0,0,0,0,273.87,0,0,0,0,0,0,0,0,0,0,0,0,0,0,0,0,0
2188,0,0,0,35,0,0,0,0,0,0,5.8,0,0,504,0,731.41,0,19600.306464137608,0,0,0,0,0,0,0,0,0,0,0,0,273.87,0,0,0,0,0,0,0,0,0,0,0,0,0,0,0,0,0
2189,0,0,0,35,0,0,0,0,0,0,5.8,0,0,504,0,731.41,0,19796.309528778984,0,0,0,0,0,0,0,0,0,0,0,0,273.87,0,0,0,0,0,0,0,0,0,0,0,0,0,0,0,0,0
2190,0,0,0,35,0,0,0,0,0,0,5.8,0,0,504,0,731.41,0,19994.27262406677,0,0,0,0,0,0,0,0,0,0,0,0,273.87,0,0,0,0,0,0,0,0,0,0,0,0,0,0,0,0,0
2191,0,0,0,35,0,0,0,0,0,0,5.8,0,0,504,0,731.41,0,20194.21535030744,0,0,0,0,0,0,0,0,0,0,0,0,273.87,0,0,0,0,0,0,0,0,0,0,0,0,0,0,0,0,0
2192,0,0,0,35,0,0,0,0,0,0,5.8,0,0,504,0,731.41,0,20396.157503810515,0,0,0,0,0,0,0,0,0,0,0,0,273.87,0,0,0,0,0,0,0,0,0,0,0,0,0,0,0,0,0
2193,0,0,0,35,0,0,0,0,0,0,5.8,0,0,504,0,731.41,0,20600.11907884862,0,0,0,0,0,0,0,0,0,0,0,0,273.87,0,0,0,0,0,0,0,0,0,0,0,0,0,0,0,0,0
2194,0,0,0,35,0,0,0,0,0,0,5.8,0,0,504,0,731.41,0,20806.120269637107,0,0,0,0,0,0,0,0,0,0,0,0,273.87,0,0,0,0,0,0,0,0,0,0,0,0,0,0,0,0,0
2195,0,0,0,35,0,0,0,0,0,0,5.8,0,0,504,0,731.41,0,21014.18147233348,0,0,0,0,0,0,0,0,0,0,0,0,273.87,0,0,0,0,0,0,0,0,0,0,0,0,0,0,0,0,0
2196,0,0,0,35,0,0,0,0,0,0,5.8,0,0,504,0,731.41,0,21224.323287056814,0,0,0,0,0,0,0,0,0,0,0,0,273.87,0,0,0,0,0,0,0,0,0,0,0,0,0,0,0,0,0
2197,0,0,0,35,0,0,0,0,0,0,5.8,0,0,504,0,731.41,0,21436.566519927383,0,0,0,0,0,0,0,0,0,0,0,0,273.87,0,0,0,0,0,0,0,0,0,0,0,0,0,0,0,0,0
2198,0,0,0,35,0,0,0,0,0,0,5.8,0,0,504,0,731.41,0,21650.932185126654,0,0,0,0,0,0,0,0,0,0,0,0,273.87,0,0,0,0,0,0,0,0,0,0,0,0,0,0,0,0,0
2199,0,0,0,35,0,0,0,0,0,0,5.8,0,0,504,0,731.41,0,21867.441506977924,0,0,0,0,0,0,0,0,0,0,0,0,273.87,0,0,0,0,0,0,0,0,0,0,0,0,0,0,0,0,0
2200,0,0,0,35,0,0,0,0,0,0,5.8,0,0,504,0,731.41,0,22086.115922047702,0,0,0,0,0,0,0,0,0,0,0,0,273.87,0,0,0,0,0,0,0,0,0,0,0,0,0,0,0,0,0
2201,0,0,0,35,0,0,0,0,0,0,5.8,0,0,504,0,731.41,0,22306.977081268178,0,0,0,0,0,0,0,0,0,0,0,0,273.87,0,0,0,0,0,0,0,0,0,0,0,0,0,0,0,0,0
2202,0,0,0,35,0,0,0,0,0,0,5.8,0,0,504,0,731.41,0,22530.04685208086,0,0,0,0,0,0,0,0,0,0,0,0,273.87,0,0,0,0,0,0,0,0,0,0,0,0,0,0,0,0,0
2203,0,0,0,35,0,0,0,0,0,0,5.8,0,0,504,0,731.41,0,22755.347320601668,0,0,0,0,0,0,0,0,0,0,0,0,273.87,0,0,0,0,0,0,0,0,0,0,0,0,0,0,0,0,0
2204,0,0,0,35,0,0,0,0,0,0,5.8,0,0,504,0,731.41,0,22982.900793807683,0,0,0,0,0,0,0,0,0,0,0,0,273.87,0,0,0,0,0,0,0,0,0,0,0,0,0,0,0,0,0
2205,0,0,0,35,0,0,0,0,0,0,5.8,0,0,504,0,731.41,0,23212.72980174576,0,0,0,0,0,0,0,0,0,0,0,0,273.87,0,0,0,0,0,0,0,0,0,0,0,0,0,0,0,0,0
2206,0,0,0,35,0,0,0,0,0,0,5.8,0,0,504,0,731.41,0,23444.85709976322,0,0,0,0,0,0,0,0,0,0,0,0,273.87,0,0,0,0,0,0,0,0,0,0,0,0,0,0,0,0,0
2207,0,0,0,35,0,0,0,0,0,0,5.8,0,0,504,0,731.41,0,23679.305670760852,0,0,0,0,0,0,0,0,0,0,0,0,273.87,0,0,0,0,0,0,0,0,0,0,0,0,0,0,0,0,0
2208,0,0,0,35,0,0,0,0,0,0,5.8,0,0,504,0,731.41,0,23916.09872746846,0,0,0,0,0,0,0,0,0,0,0,0,273.87,0,0,0,0,0,0,0,0,0,0,0,0,0,0,0,0,0
2209,0,0,0,35,0,0,0,0,0,0,5.8,0,0,504,0,731.41,0,24155.259714743148,0,0,0,0,0,0,0,0,0,0,0,0,273.87,0,0,0,0,0,0,0,0,0,0,0,0,0,0,0,0,0
2210,0,0,0,35,0,0,0,0,0,0,5.8,0,0,504,0,731.41,0,24396.81231189058,0,0,0,0,0,0,0,0,0,0,0,0,273.87,0,0,0,0,0,0,0,0,0,0,0,0,0,0,0,0,0
2211,0,0,0,35,0,0,0,0,0,0,5.8,0,0,504,0,731.41,0,24640.780435009485,0,0,0,0,0,0,0,0,0,0,0,0,273.87,0,0,0,0,0,0,0,0,0,0,0,0,0,0,0,0,0
2212,0,0,0,35,0,0,0,0,0,0,5.8,0,0,504,0,731.41,0,24887.18823935958,0,0,0,0,0,0,0,0,0,0,0,0,273.87,0,0,0,0,0,0,0,0,0,0,0,0,0,0,0,0,0
2213,0,0,0,35,0,0,0,0,0,0,5.8,0,0,504,0,731.41,0,25136.060121753177,0,0,0,0,0,0,0,0,0,0,0,0,273.87,0,0,0,0,0,0,0,0,0,0,0,0,0,0,0,0,0
2214,0,0,0,35,0,0,0,0,0,0,5.8,0,0,504,0,731.41,0,25387.420722970706,0,0,0,0,0,0,0,0,0,0,0,0,273.87,0,0,0,0,0,0,0,0,0,0,0,0,0,0,0,0,0
2215,0,0,0,35,0,0,0,0,0,0,5.8,0,0,504,0,731.41,0,25641.294930200413,0,0,0,0,0,0,0,0,0,0,0,0,273.87,0,0,0,0,0,0,0,0,0,0,0,0,0,0,0,0,0
2216,0,0,0,35,0,0,0,0,0,0,5.8,0,0,504,0,731.41,0,25897.707879502417,0,0,0,0,0,0,0,0,0,0,0,0,273.87,0,0,0,0,0,0,0,0,0,0,0,0,0,0,0,0,0
2217,0,0,0,35,0,0,0,0,0,0,5.8,0,0,504,0,731.41,0,26156.684958297443,0,0,0,0,0,0,0,0,0,0,0,0,273.87,0,0,0,0,0,0,0,0,0,0,0,0,0,0,0,0,0
2218,0,0,0,35,0,0,0,0,0,0,5.8,0,0,504,0,731.41,0,26418.251807880417,0,0,0,0,0,0,0,0,0,0,0,0,273.87,0,0,0,0,0,0,0,0,0,0,0,0,0,0,0,0,0
2219,0,0,0,35,0,0,0,0,0,0,5.8,0,0,504,0,731.41,0,26682.434325959224,0,0,0,0,0,0,0,0,0,0,0,0,273.87,0,0,0,0,0,0,0,0,0,0,0,0,0,0,0,0,0
2220,0,0,0,35,0,0,0,0,0,0,5.8,0,0,504,0,731.41,0,26949.258669218816,0,0,0,0,0,0,0,0,0,0,0,0,273.87,0,0,0,0,0,0,0,0,0,0,0,0,0,0,0,0,0
2221,0,0,0,35,0,0,0,0,0,0,5.8,0,0,504,0,731.41,0,27218.751255911004,0,0,0,0,0,0,0,0,0,0,0,0,273.87,0,0,0,0,0,0,0,0,0,0,0,0,0,0,0,0,0
2222,0,0,0,35,0,0,0,0,0,0,5.8,0,0,504,0,731.41,0,27490.938768470114,0,0,0,0,0,0,0,0,0,0,0,0,273.87,0,0,0,0,0,0,0,0,0,0,0,0,0,0,0,0,0
2223,0,0,0,35,0,0,0,0,0,0,5.8,0,0,504,0,731.41,0,27765.848156154818,0,0,0,0,0,0,0,0,0,0,0,0,273.87,0,0,0,0,0,0,0,0,0,0,0,0,0,0,0,0,0
2224,0,0,0,35,0,0,0,0,0,0,5.8,0,0,504,0,731.41,0,28043.506637716364,0,0,0,0,0,0,0,0,0,0,0,0,273.87,0,0,0,0,0,0,0,0,0,0,0,0,0,0,0,0,0
2225,0,0,0,35,0,0,0,0,0,0,5.8,0,0,504,0,731.41,0,28323.941704093526,0,0,0,0,0,0,0,0,0,0,0,0,273.87,0,0,0,0,0,0,0,0,0,0,0,0,0,0,0,0,0
2226,0,0,0,35,0,0,0,0,0,0,5.8,0,0,504,0,731.41,0,28607.18112113446,0,0,0,0,0,0,0,0,0,0,0,0,273.87,0,0,0,0,0,0,0,0,0,0,0,0,0,0,0,0,0
2227,0,0,0,35,0,0,0,0,0,0,5.8,0,0,504,0,731.41,0,28893.252932345807,0,0,0,0,0,0,0,0,0,0,0,0,273.87,0,0,0,0,0,0,0,0,0,0,0,0,0,0,0,0,0
2228,0,0,0,35,0,0,0,0,0,0,5.8,0,0,504,0,731.41,0,29182.18546166927,0,0,0,0,0,0,0,0,0,0,0,0,273.87,0,0,0,0,0,0,0,0,0,0,0,0,0,0,0,0,0
2229,0,0,0,35,0,0,0,0,0,0,5.8,0,0,504,0,731.41,0,29474.00731628596,0,0,0,0,0,0,0,0,0,0,0,0,273.87,0,0,0,0,0,0,0,0,0,0,0,0,0,0,0,0,0
2230,0,0,0,35,0,0,0,0,0,0,5.8,0,0,504,0,731.41,0,29768.74738944882,0,0,0,0,0,0,0,0,0,0,0,0,273.87,0,0,0,0,0,0,0,0,0,0,0,0,0,0,0,0,0
2231,0,0,0,35,0,0,0,0,0,0,5.8,0,0,504,0,731.41,0,30066.434863343307,0,0,0,0,0,0,0,0,0,0,0,0,273.87,0,0,0,0,0,0,0,0,0,0,0,0,0,0,0,0,0
2232,0,0,0,35,0,0,0,0,0,0,5.8,0,0,504,0,731.41,0,30367.09921197674,0,0,0,0,0,0,0,0,0,0,0,0,273.87,0,0,0,0,0,0,0,0,0,0,0,0,0,0,0,0,0
2233,0,0,0,35,0,0,0,0,0,0,5.8,0,0,504,0,731.41,0,30670.77020409651,0,0,0,0,0,0,0,0,0,0,0,0,273.87,0,0,0,0,0,0,0,0,0,0,0,0,0,0,0,0,0
2234,0,0,0,35,0,0,0,0,0,0,5.8,0,0,504,0,731.41,0,30977.477906137472,0,0,0,0,0,0,0,0,0,0,0,0,273.87,0,0,0,0,0,0,0,0,0,0,0,0,0,0,0,0,0
2235,0,0,0,35,0,0,0,0,0,0,5.8,0,0,504,0,731.41,0,31287.252685198848,0,0,0,0,0,0,0,0,0,0,0,0,273.87,0,0,0,0,0,0,0,0,0,0,0,0,0,0,0,0,0
2236,0,0,0,35,0,0,0,0,0,0,5.8,0,0,504,0,731.41,0,31600.12521205084,0,0,0,0,0,0,0,0,0,0,0,0,273.87,0,0,0,0,0,0,0,0,0,0,0,0,0,0,0,0,0
2237,0,0,0,35,0,0,0,0,0,0,5.8,0,0,504,0,731.41,0,31916.126464171346,0,0,0,0,0,0,0,0,0,0,0,0,273.87,0,0,0,0,0,0,0,0,0,0,0,0,0,0,0,0,0
2238,0,0,0,35,0,0,0,0,0,0,5.8,0,0,504,0,731.41,0,32235.287728813062,0,0,0,0,0,0,0,0,0,0,0,0,273.87,0,0,0,0,0,0,0,0,0,0,0,0,0,0,0,0,0
2239,0,0,0,35,0,0,0,0,0,0,5.8,0,0,504,0,731.41,0,32557.640606101188,0,0,0,0,0,0,0,0,0,0,0,0,273.87,0,0,0,0,0,0,0,0,0,0,0,0,0,0,0,0,0
2240,0,0,0,35,0,0,0,0,0,0,5.8,0,0,504,0,731.41,0,32883.217012162204,0,0,0,0,0,0,0,0,0,0,0,0,273.87,0,0,0,0,0,0,0,0,0,0,0,0,0,0,0,0,0
2241,0,0,0,35,0,0,0,0,0,0,5.8,0,0,504,0,731.41,0,33212.04918228383,0,0,0,0,0,0,0,0,0,0,0,0,273.87,0,0,0,0,0,0,0,0,0,0,0,0,0,0,0,0,0
2242,0,0,0,35,0,0,0,0,0,0,5.8,0,0,504,0,731.41,0,33544.16967410666,0,0,0,0,0,0,0,0,0,0,0,0,273.87,0,0,0,0,0,0,0,0,0,0,0,0,0,0,0,0,0
2243,0,0,0,35,0,0,0,0,0,0,5.8,0,0,504,0,731.41,0,33879.61137084773,0,0,0,0,0,0,0,0,0,0,0,0,273.87,0,0,0,0,0,0,0,0,0,0,0,0,0,0,0,0,0
2244,0,0,0,35,0,0,0,0,0,0,5.8,0,0,504,0,731.41,0,34218.407484556206,0,0,0,0,0,0,0,0,0,0,0,0,273.87,0,0,0,0,0,0,0,0,0,0,0,0,0,0,0,0,0
2245,0,0,0,35,0,0,0,0,0,0,5.8,0,0,504,0,731.41,0,34560.59155940177,0,0,0,0,0,0,0,0,0,0,0,0,273.87,0,0,0,0,0,0,0,0,0,0,0,0,0,0,0,0,0
2246,0,0,0,35,0,0,0,0,0,0,5.8,0,0,504,0,731.41,0,34906.19747499579,0,0,0,0,0,0,0,0,0,0,0,0,273.87,0,0,0,0,0,0,0,0,0,0,0,0,0,0,0,0,0
2247,0,0,0,35,0,0,0,0,0,0,5.8,0,0,504,0,731.41,0,35255.25944974575,0,0,0,0,0,0,0,0,0,0,0,0,273.87,0,0,0,0,0,0,0,0,0,0,0,0,0,0,0,0,0
2248,0,0,0,35,0,0,0,0,0,0,5.8,0,0,504,0,731.41,0,35607.812044243205,0,0,0,0,0,0,0,0,0,0,0,0,273.87,0,0,0,0,0,0,0,0,0,0,0,0,0,0,0,0,0
2249,0,0,0,35,0,0,0,0,0,0,5.8,0,0,504,0,731.41,0,35963.89016468564,0,0,0,0,0,0,0,0,0,0,0,0,273.87,0,0,0,0,0,0,0,0,0,0,0,0,0,0,0,0,0
2250,0,0,0,35,0,0,0,0,0,0,5.8,0,0,504,0,731.41,0,36323.52906633249,0,0,0,0,0,0,0,0,0,0,0,0,273.87,0,0,0,0,0,0,0,0,0,0,0,0,0,0,0,0,0
2251,0,0,0,35,0,0,0,0,0,0,5.8,0,0,504,0,731.41,0,36686.764356995816,0,0,0,0,0,0,0,0,0,0,0,0,273.87,0,0,0,0,0,0,0,0,0,0,0,0,0,0,0,0,0
2252,0,0,0,35,0,0,0,0,0,0,5.8,0,0,504,0,731.41,0,37053.632000565776,0,0,0,0,0,0,0,0,0,0,0,0,273.87,0,0,0,0,0,0,0,0,0,0,0,0,0,0,0,0,0
2253,0,0,0,35,0,0,0,0,0,0,5.8,0,0,504,0,731.41,0,37424.168320571436,0,0,0,0,0,0,0,0,0,0,0,0,273.87,0,0,0,0,0,0,0,0,0,0,0,0,0,0,0,0,0
2254,0,0,0,35,0,0,0,0,0,0,5.8,0,0,504,0,731.41,0,37798.41000377715,0,0,0,0,0,0,0,0,0,0,0,0,273.87,0,0,0,0,0,0,0,0,0,0,0,0,0,0,0,0,0
2255,0,0,0,35,0,0,0,0,0,0,5.8,0,0,504,0,731.41,0,38176.39410381492,0,0,0,0,0,0,0,0,0,0,0,0,273.87,0,0,0,0,0,0,0,0,0,0,0,0,0,0,0,0,0
2256,0,0,0,35,0,0,0,0,0,0,5.8,0,0,504,0,731.41,0,38558.15804485307,0,0,0,0,0,0,0,0,0,0,0,0,273.87,0,0,0,0,0,0,0,0,0,0,0,0,0,0,0,0,0
2257,0,0,0,35,0,0,0,0,0,0,5.8,0,0,504,0,731.41,0,38943.7396253016,0,0,0,0,0,0,0,0,0,0,0,0,273.87,0,0,0,0,0,0,0,0,0,0,0,0,0,0,0,0,0
2258,0,0,0,35,0,0,0,0,0,0,5.8,0,0,504,0,731.41,0,39333.17702155462,0,0,0,0,0,0,0,0,0,0,0,0,273.87,0,0,0,0,0,0,0,0,0,0,0,0,0,0,0,0,0
2259,0,0,0,35,0,0,0,0,0,0,5.8,0,0,504,0,731.41,0,39726.50879177017,0,0,0,0,0,0,0,0,0,0,0,0,273.87,0,0,0,0,0,0,0,0,0,0,0,0,0,0,0,0,0
2260,0,0,0,35,0,0,0,0,0,0,5.8,0,0,504,0,731.41,0,40123.77387968787,0,0,0,0,0,0,0,0,0,0,0,0,273.87,0,0,0,0,0,0,0,0,0,0,0,0,0,0,0,0,0
2261,0,0,0,35,0,0,0,0,0,0,5.8,0,0,504,0,731.41,0,40525.01161848475,0,0,0,0,0,0,0,0,0,0,0,0,273.87,0,0,0,0,0,0,0,0,0,0,0,0,0,0,0,0,0
2262,0,0,0,35,0,0,0,0,0,0,5.8,0,0,504,0,731.41,0,40930.26173466959,0,0,0,0,0,0,0,0,0,0,0,0,273.87,0,0,0,0,0,0,0,0,0,0,0,0,0,0,0,0,0
2263,0,0,0,35,0,0,0,0,0,0,5.8,0,0,504,0,731.41,0,41339.56435201629,0,0,0,0,0,0,0,0,0,0,0,0,273.87,0,0,0,0,0,0,0,0,0,0,0,0,0,0,0,0,0
2264,0,0,0,35,0,0,0,0,0,0,5.8,0,0,504,0,731.41,0,41752.959995536454,0,0,0,0,0,0,0,0,0,0,0,0,273.87,0,0,0,0,0,0,0,0,0,0,0,0,0,0,0,0,0
2265,0,0,0,35,0,0,0,0,0,0,5.8,0,0,504,0,731.41,0,42170.48959549182,0,0,0,0,0,0,0,0,0,0,0,0,273.87,0,0,0,0,0,0,0,0,0,0,0,0,0,0,0,0,0
2266,0,0,0,35,0,0,0,0,0,0,5.8,0,0,504,0,731.41,0,42592.19449144673,0,0,0,0,0,0,0,0,0,0,0,0,273.87,0,0,0,0,0,0,0,0,0,0,0,0,0,0,0,0,0
2267,0,0,0,35,0,0,0,0,0,0,5.8,0,0,504,0,731.41,0,43018.116436361204,0,0,0,0,0,0,0,0,0,0,0,0,273.87,0,0,0,0,0,0,0,0,0,0,0,0,0,0,0,0,0
2268,0,0,0,35,0,0,0,0,0,0,5.8,0,0,504,0,731.41,0,43448.297600724814,0,0,0,0,0,0,0,0,0,0,0,0,273.87,0,0,0,0,0,0,0,0,0,0,0,0,0,0,0,0,0
2269,0,0,0,35,0,0,0,0,0,0,5.8,0,0,504,0,731.41,0,43882.78057673207,0,0,0,0,0,0,0,0,0,0,0,0,273.87,0,0,0,0,0,0,0,0,0,0,0,0,0,0,0,0,0
2270,0,0,0,35,0,0,0,0,0,0,5.8,0,0,504,0,731.41,0,44321.608382499384,0,0,0,0,0,0,0,0,0,0,0,0,273.87,0,0,0,0,0,0,0,0,0,0,0,0,0,0,0,0,0
2271,0,0,0,35,0,0,0,0,0,0,5.8,0,0,504,0,731.41,0,44764.824466324375,0,0,0,0,0,0,0,0,0,0,0,0,273.87,0,0,0,0,0,0,0,0,0,0,0,0,0,0,0,0,0
2272,0,0,0,35,0,0,0,0,0,0,5.8,0,0,504,0,731.41,0,45212.472710987626,0,0,0,0,0,0,0,0,0,0,0,0,273.87,0,0,0,0,0,0,0,0,0,0,0,0,0,0,0,0,0
2273,0,0,0,35,0,0,0,0,0,0,5.8,0,0,504,0,731.41,0,45664.5974380975,0,0,0,0,0,0,0,0,0,0,0,0,273.87,0,0,0,0,0,0,0,0,0,0,0,0,0,0,0,0,0
2274,0,0,0,35,0,0,0,0,0,0,5.8,0,0,504,0,731.41,0,46121.24341247848,0,0,0,0,0,0,0,0,0,0,0,0,273.87,0,0,0,0,0,0,0,0,0,0,0,0,0,0,0,0,0
2275,0,0,0,35,0,0,0,0,0,0,5.8,0,0,504,0,731.41,0,46582.45584660326,0,0,0,0,0,0,0,0,0,0,0,0,273.87,0,0,0,0,0,0,0,0,0,0,0,0,0,0,0,0,0
2276,0,0,0,35,0,0,0,0,0,0,5.8,0,0,504,0,731.41,0,47048.2804050693,0,0,0,0,0,0,0,0,0,0,0,0,273.87,0,0,0,0,0,0,0,0,0,0,0,0,0,0,0,0,0
2277,0,0,0,35,0,0,0,0,0,0,5.8,0,0,504,0,731.41,0,47518.76320911999,0,0,0,0,0,0,0,0,0,0,0,0,273.87,0,0,0,0,0,0,0,0,0,0,0,0,0,0,0,0,0
2278,0,0,0,35,0,0,0,0,0,0,5.8,0,0,504,0,731.41,0,47993.95084121119,0,0,0,0,0,0,0,0,0,0,0,0,273.87,0,0,0,0,0,0,0,0,0,0,0,0,0,0,0,0,0
2279,0,0,0,35,0,0,0,0,0,0,5.8,0,0,504,0,731.41,0,48473.890349623296,0,0,0,0,0,0,0,0,0,0,0,0,273.87,0,0,0,0,0,0,0,0,0,0,0,0,0,0,0,0,0
2280,0,0,0,35,0,0,0,0,0,0,5.8,0,0,504,0,731.41,0,48958.629253119536,0,0,0,0,0,0,0,0,0,0,0,0,273.87,0,0,0,0,0,0,0,0,0,0,0,0,0,0,0,0,0
2281,0,0,0,35,0,0,0,0,0,0,5.8,0,0,504,0,731.41,0,49448.21554565073,0,0,0,0,0,0,0,0,0,0,0,0,273.87,0,0,0,0,0,0,0,0,0,0,0,0,0,0,0,0,0
2282,0,0,0,35,0,0,0,0,0,0,5.8,0,0,504,0,731.41,0,49942.69770110724,0,0,0,0,0,0,0,0,0,0,0,0,273.87,0,0,0,0,0,0,0,0,0,0,0,0,0,0,0,0,0
2283,0,0,0,35,0,0,0,0,0,0,5.8,0,0,504,0,731.41,0,50442.124678118314,0,0,0,0,0,0,0,0,0,0,0,0,273.87,0,0,0,0,0,0,0,0,0,0,0,0,0,0,0,0,0
2284,0,0,0,35,0,0,0,0,0,0,5.8,0,0,504,0,731.41,0,50946.545924899496,0,0,0,0,0,0,0,0,0,0,0,0,273.87,0,0,0,0,0,0,0,0,0,0,0,0,0,0,0,0,0
2285,0,0,0,35,0,0,0,0,0,0,5.8,0,0,504,0,731.41,0,51456.01138414849,0,0,0,0,0,0,0,0,0,0,0,0,273.87,0,0,0,0,0,0,0,0,0,0,0,0,0,0,0,0,0
2286,0,0,0,35,0,0,0,0,0,0,5.8,0,0,504,0,731.41,0,51970.57149798998,0,0,0,0,0,0,0,0,0,0,0,0,273.87,0,0,0,0,0,0,0,0,0,0,0,0,0,0,0,0,0
2287,0,0,0,35,0,0,0,0,0,0,5.8,0,0,504,0,731.41,0,52490.27721296988,0,0,0,0,0,0,0,0,0,0,0,0,273.87,0,0,0,0,0,0,0,0,0,0,0,0,0,0,0,0,0
2288,0,0,0,35,0,0,0,0,0,0,5.8,0,0,504,0,731.41,0,53015.17998509958,0,0,0,0,0,0,0,0,0,0,0,0,273.87,0,0,0,0,0,0,0,0,0,0,0,0,0,0,0,0,0
2289,0,0,0,35,0,0,0,0,0,0,5.8,0,0,504,0,731.41,0,53545.33178495057,0,0,0,0,0,0,0,0,0,0,0,0,273.87,0,0,0,0,0,0,0,0,0,0,0,0,0,0,0,0,0
2290,0,0,0,35,0,0,0,0,0,0,5.8,0,0,504,0,731.41,0,54080.78510280007,0,0,0,0,0,0,0,0,0,0,0,0,273.87,0,0,0,0,0,0,0,0,0,0,0,0,0,0,0,0,0
2291,0,0,0,35,0,0,0,0,0,0,5.8,0,0,504,0,731.41,0,54621.592953828076,0,0,0,0,0,0,0,0,0,0,0,0,273.87,0,0,0,0,0,0,0,0,0,0,0,0,0,0,0,0,0
2292,0,0,0,35,0,0,0,0,0,0,5.8,0,0,504,0,731.41,0,55167.808883366364,0,0,0,0,0,0,0,0,0,0,0,0,273.87,0,0,0,0,0,0,0,0,0,0,0,0,0,0,0,0,0
2293,0,0,0,35,0,0,0,0,0,0,5.8,0,0,504,0,731.41,0,55719.48697220002,0,0,0,0,0,0,0,0,0,0,0,0,273.87,0,0,0,0,0,0,0,0,0,0,0,0,0,0,0,0,0
2294,0,0,0,35,0,0,0,0,0,0,5.8,0,0,504,0,731.41,0,56276.68184192202,0,0,0,0,0,0,0,0,0,0,0,0,273.87,0,0,0,0,0,0,0,0,0,0,0,0,0,0,0,0,0
2295,0,0,0,35,0,0,0,0,0,0,5.8,0,0,504,0,731.41,0,56839.448660341244,0,0,0,0,0,0,0,0,0,0,0,0,273.87,0,0,0,0,0,0,0,0,0,0,0,0,0,0,0,0,0
